-- --------------------------------------------------------
-- Host:                         127.0.0.1
-- Versión del servidor:         10.1.19-MariaDB - mariadb.org binary distribution
-- SO del servidor:              Win32
-- HeidiSQL Versión:             9.5.0.5196
-- --------------------------------------------------------

/*!40101 SET @OLD_CHARACTER_SET_CLIENT=@@CHARACTER_SET_CLIENT */;
/*!40101 SET NAMES utf8 */;
/*!50503 SET NAMES utf8mb4 */;
/*!40014 SET @OLD_FOREIGN_KEY_CHECKS=@@FOREIGN_KEY_CHECKS, FOREIGN_KEY_CHECKS=0 */;
/*!40101 SET @OLD_SQL_MODE=@@SQL_MODE, SQL_MODE='NO_AUTO_VALUE_ON_ZERO' */;


-- Volcando estructura de base de datos para sive_bd
CREATE DATABASE IF NOT EXISTS `sive_bd` /*!40100 DEFAULT CHARACTER SET latin1 */;
USE `sive_bd`;

-- Volcando estructura para tabla sive_bd.actas
CREATE TABLE IF NOT EXISTS `actas` (
  `id` int(10) unsigned NOT NULL AUTO_INCREMENT,
  `numeroacta` int(11) NOT NULL,
  `estado` varchar(191) COLLATE utf8mb4_unicode_ci NOT NULL,
  `fecha` date NOT NULL,
  `created_at` timestamp NULL DEFAULT NULL,
  `updated_at` timestamp NULL DEFAULT NULL,
  PRIMARY KEY (`id`)
) ENGINE=InnoDB AUTO_INCREMENT=14 DEFAULT CHARSET=utf8mb4 COLLATE=utf8mb4_unicode_ci;

-- Volcando datos para la tabla sive_bd.actas: ~1 rows (aproximadamente)
/*!40000 ALTER TABLE `actas` DISABLE KEYS */;
REPLACE INTO `actas` (`id`, `numeroacta`, `estado`, `fecha`, `created_at`, `updated_at`) VALUES
	(13, 52, 'Activa', '2018-05-17', '2018-05-17 00:46:16', '2018-05-17 00:46:16');
/*!40000 ALTER TABLE `actas` ENABLE KEYS */;

-- Volcando estructura para tabla sive_bd.actas_existencias
CREATE TABLE IF NOT EXISTS `actas_existencias` (
  `id` int(10) unsigned NOT NULL AUTO_INCREMENT,
  `numeroacta` int(11) NOT NULL,
  `idexistencia` int(11) NOT NULL,
  `lote` int(11) DEFAULT NULL,
  `cliente` int(11) DEFAULT NULL,
  `estado` varchar(25) COLLATE utf8mb4_unicode_ci DEFAULT NULL,
  `monto` int(11) DEFAULT NULL,
  `comision` int(11) DEFAULT NULL,
  `iva` int(11) DEFAULT NULL,
  `gastosoperacionales` int(11) DEFAULT NULL,
  `tasacionfiscal` int(11) DEFAULT NULL,
  `garantia` int(11) DEFAULT NULL,
  `created_at` timestamp NULL DEFAULT NULL,
  `updated_at` timestamp NULL DEFAULT NULL,
  PRIMARY KEY (`id`)
) ENGINE=InnoDB AUTO_INCREMENT=9 DEFAULT CHARSET=utf8mb4 COLLATE=utf8mb4_unicode_ci;

-- Volcando datos para la tabla sive_bd.actas_existencias: ~3 rows (aproximadamente)
/*!40000 ALTER TABLE `actas_existencias` DISABLE KEYS */;
REPLACE INTO `actas_existencias` (`id`, `numeroacta`, `idexistencia`, `lote`, `cliente`, `estado`, `monto`, `comision`, `iva`, `gastosoperacionales`, `tasacionfiscal`, `garantia`, `created_at`, `updated_at`) VALUES
	(6, 52, 7, 10, NULL, NULL, NULL, NULL, NULL, NULL, NULL, NULL, '2018-05-17 00:46:16', '2018-05-17 00:46:16'),
	(7, 52, 9, 11, NULL, NULL, NULL, NULL, NULL, NULL, NULL, NULL, '2018-05-17 00:46:16', '2018-05-17 00:46:16'),
	(8, 52, 11, 25, 8, 'Ingresado', 1000, 120, 23, 49000, 10000, 1000, '2018-05-17 00:46:16', '2018-05-17 00:46:16');
/*!40000 ALTER TABLE `actas_existencias` ENABLE KEYS */;

-- Volcando estructura para tabla sive_bd.archivosexistencia
CREATE TABLE IF NOT EXISTS `archivosexistencia` (
  `id` int(10) unsigned NOT NULL AUTO_INCREMENT,
  `nproceso` int(11) NOT NULL,
  `nombre` varchar(150) COLLATE utf8mb4_unicode_ci NOT NULL,
  `companiaid` int(11) NOT NULL,
  `fecha` date NOT NULL,
  `userid` int(11) NOT NULL,
  `observacion` varchar(150) COLLATE utf8mb4_unicode_ci NOT NULL,
  `created_at` timestamp NULL DEFAULT NULL,
  `updated_at` timestamp NULL DEFAULT NULL,
  PRIMARY KEY (`id`)
) ENGINE=InnoDB AUTO_INCREMENT=4 DEFAULT CHARSET=utf8mb4 COLLATE=utf8mb4_unicode_ci;

-- Volcando datos para la tabla sive_bd.archivosexistencia: ~2 rows (aproximadamente)
/*!40000 ALTER TABLE `archivosexistencia` DISABLE KEYS */;
REPLACE INTO `archivosexistencia` (`id`, `nproceso`, `nombre`, `companiaid`, `fecha`, `userid`, `observacion`, `created_at`, `updated_at`) VALUES
	(1, 1201710, 'new_3.html', 7, '2018-01-12', 1, 'html', '2018-01-12 20:51:43', '2018-01-12 20:51:43'),
	(3, 1201710, 'rio1.jpg', 7, '2018-04-01', 1, 'riotest', '2018-04-01 03:24:45', '2018-04-01 03:24:45');
/*!40000 ALTER TABLE `archivosexistencia` ENABLE KEYS */;

-- Volcando estructura para tabla sive_bd.archivosor
CREATE TABLE IF NOT EXISTS `archivosor` (
  `id` int(10) unsigned NOT NULL AUTO_INCREMENT,
  `nproceso` int(11) NOT NULL,
  `nombre` varchar(150) COLLATE utf8mb4_unicode_ci NOT NULL,
  `companiaid` int(11) NOT NULL,
  `fecha` date NOT NULL,
  `userid` int(11) NOT NULL,
  `observacion` varchar(150) COLLATE utf8mb4_unicode_ci NOT NULL,
  `created_at` timestamp NULL DEFAULT NULL,
  `updated_at` timestamp NULL DEFAULT NULL,
  PRIMARY KEY (`id`)
) ENGINE=InnoDB AUTO_INCREMENT=19 DEFAULT CHARSET=utf8mb4 COLLATE=utf8mb4_unicode_ci;

-- Volcando datos para la tabla sive_bd.archivosor: ~2 rows (aproximadamente)
/*!40000 ALTER TABLE `archivosor` DISABLE KEYS */;
REPLACE INTO `archivosor` (`id`, `nproceso`, `nombre`, `companiaid`, `fecha`, `userid`, `observacion`, `created_at`, `updated_at`) VALUES
	(15, 1513615480, 'Bosquejo_de_correo_para_OR_1.pdf', 7, '2017-12-20', 1, 'bosquejo or', '2017-12-20 14:40:09', '2017-12-20 14:40:09'),
	(18, 1201710, 'desasarme.png', 7, '2018-04-04', 1, 'dews', '2018-04-04 02:23:08', '2018-04-04 02:23:08');
/*!40000 ALTER TABLE `archivosor` ENABLE KEYS */;

-- Volcando estructura para tabla sive_bd.bodegas
CREATE TABLE IF NOT EXISTS `bodegas` (
  `id` int(10) unsigned NOT NULL AUTO_INCREMENT,
  `nombre` varchar(150) COLLATE utf8mb4_unicode_ci NOT NULL,
  `habilitado` varchar(20) COLLATE utf8mb4_unicode_ci NOT NULL,
  `created_at` timestamp NULL DEFAULT NULL,
  `updated_at` timestamp NULL DEFAULT NULL,
  PRIMARY KEY (`id`)
) ENGINE=InnoDB AUTO_INCREMENT=13 DEFAULT CHARSET=utf8mb4 COLLATE=utf8mb4_unicode_ci;

-- Volcando datos para la tabla sive_bd.bodegas: ~2 rows (aproximadamente)
/*!40000 ALTER TABLE `bodegas` DISABLE KEYS */;
REPLACE INTO `bodegas` (`id`, `nombre`, `habilitado`, `created_at`, `updated_at`) VALUES
	(11, 'TESTBODEGA1', 'NO', '2017-10-13 17:28:06', '2017-10-13 18:05:42'),
	(12, 'TESTBODEGA2', 'SI', '2017-10-13 17:39:41', '2017-10-13 17:39:41');
/*!40000 ALTER TABLE `bodegas` ENABLE KEYS */;

-- Volcando estructura para tabla sive_bd.clientes
CREATE TABLE IF NOT EXISTS `clientes` (
  `id` int(10) unsigned NOT NULL AUTO_INCREMENT,
  `nombre` varchar(250) COLLATE utf8mb4_unicode_ci NOT NULL,
  `apellido` varchar(250) COLLATE utf8mb4_unicode_ci NOT NULL,
  `telefono` varchar(50) COLLATE utf8mb4_unicode_ci DEFAULT NULL,
  `rut` varchar(250) COLLATE utf8mb4_unicode_ci DEFAULT NULL,
  `email` varchar(250) COLLATE utf8mb4_unicode_ci NOT NULL,
  `created_at` timestamp NULL DEFAULT NULL,
  `updated_at` timestamp NULL DEFAULT NULL,
  PRIMARY KEY (`id`)
) ENGINE=InnoDB AUTO_INCREMENT=5 DEFAULT CHARSET=utf8mb4 COLLATE=utf8mb4_unicode_ci;

-- Volcando datos para la tabla sive_bd.clientes: ~4 rows (aproximadamente)
/*!40000 ALTER TABLE `clientes` DISABLE KEYS */;
REPLACE INTO `clientes` (`id`, `nombre`, `apellido`, `telefono`, `rut`, `email`, `created_at`, `updated_at`) VALUES
	(1, 'CLIENTE2', 'APELLIDO CLIENTE', '124566', '1111111-5', 'jjlion@gmail.com', '2018-02-14 01:37:57', '2018-02-14 01:37:57'),
	(2, 'JUAN MIGUEL', 'PEREZ ROJAS', '9555888', '0000000-5', 'JJ2009@SALAZAR.CL', '2018-02-15 02:52:58', '2018-03-18 00:31:27'),
	(3, 'ANTONIO', 'Marthx', '962544659', '14158777-9', 'NATALIA@SALAZAR.CL', '2018-02-18 02:42:49', '2018-02-18 02:42:49'),
	(4, 'Cliente', 'Testx', NULL, '1254000-5', 'email@vedisa.cl', '2018-04-15 14:56:48', '2018-05-16 23:37:53');
/*!40000 ALTER TABLE `clientes` ENABLE KEYS */;

-- Volcando estructura para tabla sive_bd.companias
CREATE TABLE IF NOT EXISTS `companias` (
  `id` int(10) unsigned NOT NULL AUTO_INCREMENT,
  `nombre` varchar(150) COLLATE utf8mb4_unicode_ci NOT NULL,
  `correlativoor` int(11) NOT NULL DEFAULT '10',
  `correlativobodega` int(11) NOT NULL DEFAULT '10',
  `habilitado` varchar(50) COLLATE utf8mb4_unicode_ci NOT NULL,
  `created_at` timestamp NULL DEFAULT NULL,
  `updated_at` timestamp NULL DEFAULT NULL,
  PRIMARY KEY (`id`)
) ENGINE=InnoDB AUTO_INCREMENT=9 DEFAULT CHARSET=utf8mb4 COLLATE=utf8mb4_unicode_ci;

-- Volcando datos para la tabla sive_bd.companias: ~8 rows (aproximadamente)
/*!40000 ALTER TABLE `companias` DISABLE KEYS */;
REPLACE INTO `companias` (`id`, `nombre`, `correlativoor`, `correlativobodega`, `habilitado`, `created_at`, `updated_at`) VALUES
	(1, 'CARDIF', 11, 14, 'SI', NULL, '2018-04-03 03:14:52'),
	(2, 'CHILENA CONSOLIDADA', 10, 10, 'SI', NULL, NULL),
	(3, 'HDI', 10, 10, 'SI', NULL, NULL),
	(4, 'MAPFRE', 10, 10, 'SI', NULL, NULL),
	(5, 'RENTA NACIONAL', 11, 13, 'SI', NULL, '2018-04-07 20:11:43'),
	(6, 'SURA', 10, 10, 'NO', NULL, '2018-04-15 17:23:09'),
	(7, 'VEDISA', 10, 11, 'SI', NULL, '2018-04-03 03:16:56'),
	(8, 'PORVENIR', 10, 10, 'SI', '2018-01-22 20:38:48', '2018-01-22 20:38:48');
/*!40000 ALTER TABLE `companias` ENABLE KEYS */;

-- Volcando estructura para tabla sive_bd.contactos
CREATE TABLE IF NOT EXISTS `contactos` (
  `id` int(10) unsigned NOT NULL AUTO_INCREMENT,
  `nombre` varchar(250) COLLATE utf8mb4_unicode_ci NOT NULL,
  `apellido` varchar(250) COLLATE utf8mb4_unicode_ci NOT NULL,
  `rut` varchar(250) COLLATE utf8mb4_unicode_ci DEFAULT NULL,
  `email` varchar(250) COLLATE utf8mb4_unicode_ci NOT NULL,
  `emailalt` varchar(250) COLLATE utf8mb4_unicode_ci DEFAULT NULL,
  `fechanac` varchar(20) COLLATE utf8mb4_unicode_ci DEFAULT NULL,
  `sexo` varchar(250) COLLATE utf8mb4_unicode_ci NOT NULL,
  `fono1` varchar(50) COLLATE utf8mb4_unicode_ci DEFAULT NULL,
  `fono2` varchar(50) COLLATE utf8mb4_unicode_ci DEFAULT NULL,
  `compania` varchar(50) COLLATE utf8mb4_unicode_ci NOT NULL,
  `userid` int(11) NOT NULL,
  `created_at` timestamp NULL DEFAULT NULL,
  `updated_at` timestamp NULL DEFAULT NULL,
  PRIMARY KEY (`id`)
) ENGINE=InnoDB AUTO_INCREMENT=12 DEFAULT CHARSET=utf8mb4 COLLATE=utf8mb4_unicode_ci;

-- Volcando datos para la tabla sive_bd.contactos: ~10 rows (aproximadamente)
/*!40000 ALTER TABLE `contactos` DISABLE KEYS */;
REPLACE INTO `contactos` (`id`, `nombre`, `apellido`, `rut`, `email`, `emailalt`, `fechanac`, `sexo`, `fono1`, `fono2`, `compania`, `userid`, `created_at`, `updated_at`) VALUES
	(1, 'JAVIER', 'SALAZAR MARCANO', '', 'jjlion79@gmail.com', 'jjlion79@yahoo.com', NULL, 'MASCULINO', 'FONO1', 'FONO2', '7', 1, '2017-10-04 20:29:12', '2017-11-17 14:47:52'),
	(2, 'NATALIA', 'MARQUEZ', '', 'natalia@salazar.mar', 'V', '30/10/2012', 'FEMENINO', '1111', '2', '5', 21, '2017-10-05 11:16:14', '2017-10-11 00:30:12'),
	(4, 'JESUS J', 'SALAZAR MARQUEZ', '', 'JESUSJAVIER2009@SALAZAR.CL', 'UNJESUSJAV@ALTERNO.CL', NULL, 'MASCULINO', '777777777', '55555555', '1', 23, '2017-10-05 17:06:00', '2017-11-17 15:07:10'),
	(5, 'ANTONIO', 'PEREZ', '', 'JPEREZ@TEST.COM', '24', '31/01/1990', 'MASCULINO', 'FONO1JP', 'FONO2-JP', '5', 24, '2017-10-06 12:45:28', '2017-10-06 13:09:18'),
	(6, 'TEST ACTUALIZAR', 'CONTACTOS', '', 'contacto@test.com', 'UNEMAIL@ALTERNO.CL', '07/01/2009', 'FEMENINO', '3333333333', '444444', '2', 0, '2017-10-06 15:01:51', '2017-10-06 15:18:35'),
	(7, 'CLIENTE2', 'APELLIDO CLIENTE', '1111111-5', 'jjlion@gmail.com', '', '', 'MASCULINO', '124566', '', '0', 0, '2018-02-14 01:37:57', '2018-02-14 01:37:57'),
	(8, 'JUAN MIGUEL', 'PEREZ ROJAS', '0000000-5', 'JJ2009@SALAZAR.CL', '', '', 'MASCULINO', '9555888', '', '0', 0, '2018-02-15 02:52:58', '2018-03-18 00:31:27'),
	(9, 'ANTONIO', 'Marthx', '14158777-9', 'NATALIA@SALAZAR.CL', '', '', 'MASCULINO', '962544659', '', '0', 0, '2018-02-18 02:42:49', '2018-02-18 02:42:49'),
	(10, 'ADMINISTRADOR', 'MONTERO', NULL, 'admin@montero.cl', NULL, NULL, 'MASCULINO', NULL, NULL, '7', 26, '2018-03-18 22:29:49', '2018-03-18 22:29:49'),
	(11, 'Jorge', 'Pettit', NULL, 'jpettit@vedisa.cl', NULL, '12/03/1981', 'MASCULINO', NULL, NULL, '7', 27, '2018-04-15 18:08:24', '2018-04-15 18:08:24');
/*!40000 ALTER TABLE `contactos` ENABLE KEYS */;

-- Volcando estructura para tabla sive_bd.existencias
CREATE TABLE IF NOT EXISTS `existencias` (
  `id` int(10) unsigned NOT NULL AUTO_INCREMENT,
  `nproceso` varchar(150) COLLATE utf8mb4_unicode_ci NOT NULL,
  `estado` varchar(191) COLLATE utf8mb4_unicode_ci NOT NULL,
  `acta` int(11) NOT NULL DEFAULT '0',
  `fecha` date NOT NULL,
  `compania` int(11) NOT NULL,
  `vehiculo` int(11) NOT NULL,
  `nsiniestro` varchar(150) COLLATE utf8mb4_unicode_ci NOT NULL,
  `contacto` int(11) NOT NULL,
  `tasacion` int(11) NOT NULL,
  `vminremate` int(11) NOT NULL DEFAULT '0',
  `vtraslado` int(11) NOT NULL DEFAULT '0',
  `nfacturaproveedor` varchar(150) COLLATE utf8mb4_unicode_ci NOT NULL DEFAULT 'N/R',
  `vfacturacia` int(11) NOT NULL DEFAULT '0',
  `nfactura` varchar(150) COLLATE utf8mb4_unicode_ci NOT NULL DEFAULT 'N/R',
  `vindem` int(11) NOT NULL DEFAULT '0',
  `liquidador` int(11) NOT NULL DEFAULT '0',
  `transportista` int(11) NOT NULL,
  `taller` int(11) NOT NULL,
  `permiso` varchar(150) COLLATE utf8mb4_unicode_ci DEFAULT NULL,
  `seguro` varchar(150) COLLATE utf8mb4_unicode_ci DEFAULT NULL,
  `padron` varchar(150) COLLATE utf8mb4_unicode_ci DEFAULT NULL,
  `revtec` varchar(150) COLLATE utf8mb4_unicode_ci DEFAULT NULL,
  `gases` varchar(150) COLLATE utf8mb4_unicode_ci DEFAULT NULL,
  `llaves` varchar(150) COLLATE utf8mb4_unicode_ci DEFAULT NULL,
  `placas` varchar(150) COLLATE utf8mb4_unicode_ci DEFAULT NULL,
  `tag` varchar(150) COLLATE utf8mb4_unicode_ci DEFAULT NULL,
  `computador` varchar(150) COLLATE utf8mb4_unicode_ci DEFAULT NULL,
  `motorarranca` varchar(150) COLLATE utf8mb4_unicode_ci DEFAULT NULL,
  `kilometraje` int(11) DEFAULT '0',
  `airbag` varchar(150) COLLATE utf8mb4_unicode_ci DEFAULT NULL,
  `bodegas` int(11) DEFAULT NULL,
  `condicionado` varchar(191) COLLATE utf8mb4_unicode_ci DEFAULT NULL,
  `desarme` varchar(191) COLLATE utf8mb4_unicode_ci DEFAULT NULL,
  `creadopor` int(11) NOT NULL,
  `actualizadopor` int(11) NOT NULL,
  `created_at` timestamp NULL DEFAULT NULL,
  `updated_at` timestamp NULL DEFAULT NULL,
  PRIMARY KEY (`id`)
) ENGINE=InnoDB AUTO_INCREMENT=21 DEFAULT CHARSET=utf8mb4 COLLATE=utf8mb4_unicode_ci;

-- Volcando datos para la tabla sive_bd.existencias: ~12 rows (aproximadamente)
/*!40000 ALTER TABLE `existencias` DISABLE KEYS */;
REPLACE INTO `existencias` (`id`, `nproceso`, `estado`, `acta`, `fecha`, `compania`, `vehiculo`, `nsiniestro`, `contacto`, `tasacion`, `vminremate`, `vtraslado`, `nfacturaproveedor`, `vfacturacia`, `nfactura`, `vindem`, `liquidador`, `transportista`, `taller`, `permiso`, `seguro`, `padron`, `revtec`, `gases`, `llaves`, `placas`, `tag`, `computador`, `motorarranca`, `kilometraje`, `airbag`, `bodegas`, `condicionado`, `desarme`, `creadopor`, `actualizadopor`, `created_at`, `updated_at`) VALUES
	(7, '1513689343', 'Remate-Vehiculo', 52, '2017-12-19', 5, 12, '33322', 2, 123, 123, 132, '123669', 123213, '01231', 123, 18, 0, 1, NULL, NULL, NULL, NULL, NULL, '', '', '', '', '', 0, '', 0, NULL, NULL, 1, 1, '2017-12-19 16:15:43', '2018-05-17 00:46:16'),
	(8, '1514488198', 'Remate-Desarme', 101, '2017-12-28', 1, 8, 'S/N', 4, 0, 0, 160000, 'F58744', 185000, '01444', 0, 25, 9, 3, 'on', NULL, 'on', NULL, NULL, 'SI', 'DELANTERA', 'NO', 'SI', 'NO', 0, 'ACTIVADO', 11, 'on', 'on', 1, 1, '2017-12-28 22:09:58', '2018-03-28 02:05:21'),
	(9, '5201710', 'Remate-Vehiculo', 52, '2017-12-28', 5, 7, 'S/N', 5, 0, 0, 25000, '57416', 0, '0', 0, 18, 12, 2, 'on', 'on', NULL, 'on', NULL, 'SI', 'AMBOS', 'NO', 'SI', 'SI', 0, 'ACTIVADO', 11, 'on', 'on', 1, 1, '2017-12-28 23:17:50', '2018-05-17 00:46:16'),
	(10, '1201710', 'Remate-Desarme', 101, '2017-12-28', 1, 11, 'V14815020', 4, 100000, 3000000, 44000, '123669', 45000, '236588', 250000, 23, 12, 1, 'on', NULL, 'on', NULL, 'on', 'NO', 'AMBOS', 'SI', 'NO', 'SI', 3500, 'SIN ACTIVAR', 12, 'on', 'on', 1, 1, '2017-12-28 23:43:13', '2018-04-08 23:56:46'),
	(11, '5201810', 'Remate-Vehiculo', 52, '2018-01-12', 5, 15, '257849MKPK7N', 5, 0, 0, 25000, '333444555', 0, '0', 0, 20, 14, 3, NULL, NULL, NULL, NULL, NULL, NULL, NULL, NULL, NULL, NULL, 0, NULL, NULL, NULL, NULL, 1, 1, '2018-01-12 21:47:52', '2018-05-17 00:46:16'),
	(14, '7201810', 'Bodega-Normal', 0, '2018-02-09', 7, 2, 'nsisniestro', 1, 200000, 500000, 20000, 'N/R', 3500000, 'N/R', 10000, 1, 0, 1, NULL, NULL, NULL, NULL, NULL, NULL, NULL, NULL, NULL, NULL, 0, NULL, NULL, NULL, NULL, 1, 1, '2018-02-09 17:41:03', '2018-02-09 17:41:03'),
	(15, '1201810', 'Bodega-Normal', 0, '2018-04-03', 1, 14, 'V14815020', 4, 0, 0, 35000, '123669', 45000, '236588', 0, 23, 12, 1, 'on', NULL, NULL, NULL, NULL, NULL, NULL, NULL, NULL, NULL, NULL, NULL, NULL, NULL, NULL, 1, 1, '2018-04-03 03:11:23', '2018-04-08 21:31:25'),
	(16, '1201811', 'Bodega-Normal', 0, '2018-04-03', 1, 14, 'V14815020', 4, 0, 0, 35000, '123669', 45000, '236588', 0, 23, 0, 1, NULL, NULL, NULL, NULL, NULL, NULL, NULL, NULL, NULL, NULL, 0, NULL, NULL, NULL, NULL, 1, 1, '2018-04-03 03:12:10', '2018-04-03 03:12:10'),
	(17, '1201812', 'Bodega-Normal', 0, '2018-04-03', 1, 14, 'V14815020', 4, 0, 0, 35000, '123669', 45000, '236588', 0, 23, 0, 1, NULL, NULL, NULL, NULL, NULL, NULL, NULL, NULL, NULL, NULL, 0, NULL, NULL, NULL, NULL, 1, 1, '2018-04-03 03:13:51', '2018-04-03 03:13:51'),
	(18, '1201813', 'Bodega-Normal', 0, '2018-04-03', 1, 14, 'V14815020', 4, 0, 0, 35000, '123669', 45000, '236588', 0, 23, 0, 1, NULL, NULL, NULL, NULL, NULL, NULL, NULL, NULL, NULL, NULL, 0, NULL, NULL, NULL, NULL, 1, 1, '2018-04-03 03:14:52', '2018-04-09 00:04:35'),
	(19, '5201811', 'Bodega-Normal', 0, '2018-04-07', 5, 16, 'S/N', 5, 0, 0, 0, '0', 0, '0', 0, 20, 0, 3, NULL, NULL, NULL, NULL, NULL, NULL, NULL, NULL, NULL, NULL, 0, NULL, NULL, NULL, NULL, 1, 1, '2018-04-07 20:11:16', '2018-04-07 20:11:16'),
	(20, '5201812', 'Bodega-Normal', 0, '2018-04-07', 5, 16, 'S/N', 5, 0, 0, 12000, '1255', 0, '0', 0, 20, 0, 3, NULL, NULL, NULL, NULL, NULL, NULL, NULL, NULL, NULL, NULL, 0, NULL, NULL, NULL, NULL, 1, 1, '2018-04-07 20:11:43', '2018-04-07 20:33:51');
/*!40000 ALTER TABLE `existencias` ENABLE KEYS */;

-- Volcando estructura para tabla sive_bd.facturatraslado
CREATE TABLE IF NOT EXISTS `facturatraslado` (
  `id` int(10) unsigned NOT NULL AUTO_INCREMENT,
  `nfactura` varchar(250) COLLATE utf8mb4_unicode_ci NOT NULL,
  `valor` int(11) NOT NULL,
  `fecha` date NOT NULL,
  `rut` varchar(25) COLLATE utf8mb4_unicode_ci NOT NULL,
  `razonsocial` varchar(250) COLLATE utf8mb4_unicode_ci NOT NULL,
  `concepto` varchar(250) COLLATE utf8mb4_unicode_ci NOT NULL,
  `nproceso` varchar(250) COLLATE utf8mb4_unicode_ci NOT NULL,
  `created_at` timestamp NULL DEFAULT NULL,
  `updated_at` timestamp NULL DEFAULT NULL,
  PRIMARY KEY (`id`)
) ENGINE=InnoDB AUTO_INCREMENT=3 DEFAULT CHARSET=utf8mb4 COLLATE=utf8mb4_unicode_ci;

-- Volcando datos para la tabla sive_bd.facturatraslado: ~2 rows (aproximadamente)
/*!40000 ALTER TABLE `facturatraslado` DISABLE KEYS */;
REPLACE INTO `facturatraslado` (`id`, `nfactura`, `valor`, `fecha`, `rut`, `razonsocial`, `concepto`, `nproceso`, `created_at`, `updated_at`) VALUES
	(1, 'F58744', 160000, '2018-03-28', '190153204-3', 'Dr. Joshuah Little IV', 'Traslado del Vehiculo NEHH-11 desde', '1514488198', '2018-03-28 03:49:24', '2018-03-28 03:49:24'),
	(2, '8471223', 5000000, '2018-03-30', '11111111-1', 'TRANPORTES JJ', 'Traslado del Vehiculo DYGY-48 desde', '5201810', '2018-03-30 16:46:25', '2018-03-30 16:46:25');
/*!40000 ALTER TABLE `facturatraslado` ENABLE KEYS */;

-- Volcando estructura para tabla sive_bd.historicoexist
CREATE TABLE IF NOT EXISTS `historicoexist` (
  `id` int(10) unsigned NOT NULL AUTO_INCREMENT,
  `nproceso` varchar(250) COLLATE utf8mb4_unicode_ci NOT NULL,
  `usuario` varchar(250) COLLATE utf8mb4_unicode_ci NOT NULL,
  `operacion` varchar(250) COLLATE utf8mb4_unicode_ci NOT NULL,
  `created_at` timestamp NULL DEFAULT NULL,
  `updated_at` timestamp NULL DEFAULT NULL,
  PRIMARY KEY (`id`)
) ENGINE=InnoDB AUTO_INCREMENT=16 DEFAULT CHARSET=utf8mb4 COLLATE=utf8mb4_unicode_ci;

-- Volcando datos para la tabla sive_bd.historicoexist: ~10 rows (aproximadamente)
/*!40000 ALTER TABLE `historicoexist` DISABLE KEYS */;
REPLACE INTO `historicoexist` (`id`, `nproceso`, `usuario`, `operacion`, `created_at`, `updated_at`) VALUES
	(6, '1201810', 'JAVIER SALAZAR MARCANO - jjlion79@gmail.com', 'Ingreso actualizado', '2018-04-09 00:04:15', '2018-04-09 00:04:15'),
	(7, '1201813', 'JAVIER SALAZAR MARCANO - jjlion79@gmail.com', 'Ingreso actualizado', '2018-04-09 00:04:35', '2018-04-09 00:04:35'),
	(8, '1201810', 'JAVIER SALAZAR MARCANO - jjlion79@gmail.com', 'Imagenes de Vehiculos cargadas', '2018-04-09 00:13:31', '2018-04-09 00:13:31'),
	(9, '5201710', 'JAVIER SALAZAR MARCANO - jjlion79@gmail.com', 'Archivo:  rio5.jpg cargado', '2018-04-08 21:26:52', '2018-04-08 21:26:52'),
	(10, '5201710', 'JAVIER SALAZAR MARCANO - jjlion79@gmail.com', 'Archivo: rio5.jpg ELIMINADO', '2018-04-08 21:28:27', '2018-04-08 21:28:27'),
	(11, '1201810', 'JAVIER SALAZAR MARCANO - jjlion79@gmail.com', 'Datos de Transportista Actualizado', '2018-04-08 21:30:05', '2018-04-08 21:30:05'),
	(12, '1201810', 'JAVIER SALAZAR MARCANO - jjlion79@gmail.com', 'Datos de Transportista Actualizado', '2018-04-08 21:31:25', '2018-04-08 21:31:25'),
	(13, '1201810', 'JAVIER SALAZAR MARCANO - jjlion79@gmail.com', 'Datos de Invetario Actualizado', '2018-04-08 21:31:39', '2018-04-08 21:31:39'),
	(14, '5201710', 'JAVIER SALAZAR MARCANO - jjlion79@gmail.com', 'Imagenes de Vehiculos cargadas', '2018-05-16 23:14:39', '2018-05-16 23:14:39'),
	(15, '5201710', 'JAVIER SALAZAR MARCANO - jjlion79@gmail.com', 'Imagenes de Vehiculos cargadas', '2018-05-16 23:14:47', '2018-05-16 23:14:47');
/*!40000 ALTER TABLE `historicoexist` ENABLE KEYS */;

-- Volcando estructura para tabla sive_bd.historicoor
CREATE TABLE IF NOT EXISTS `historicoor` (
  `id` int(10) unsigned NOT NULL AUTO_INCREMENT,
  `nproceso` varchar(250) COLLATE utf8mb4_unicode_ci NOT NULL,
  `usuario` varchar(250) COLLATE utf8mb4_unicode_ci NOT NULL,
  `operacion` varchar(250) COLLATE utf8mb4_unicode_ci NOT NULL,
  `created_at` timestamp NULL DEFAULT NULL,
  `updated_at` timestamp NULL DEFAULT NULL,
  PRIMARY KEY (`id`)
) ENGINE=InnoDB AUTO_INCREMENT=90 DEFAULT CHARSET=utf8mb4 COLLATE=utf8mb4_unicode_ci;

-- Volcando datos para la tabla sive_bd.historicoor: ~25 rows (aproximadamente)
/*!40000 ALTER TABLE `historicoor` DISABLE KEYS */;
REPLACE INTO `historicoor` (`id`, `nproceso`, `usuario`, `operacion`, `created_at`, `updated_at`) VALUES
	(65, '1201710', 'JAVIER SALAZAR MARCANO - jjlion79@gmail.com', 'Orden de retiro actualizada', '2018-04-08 21:22:04', '2018-04-08 21:22:04'),
	(66, '5201811', 'JAVIER SALAZAR MARCANO - jjlion79@gmail.com', 'Orden de retiro actualizada', '2018-04-08 21:24:35', '2018-04-08 21:24:35'),
	(67, '5201811', 'JAVIER SALAZAR MARCANO - jjlion79@gmail.com', 'Datos de Transportista Actualizado', '2018-04-18 00:08:04', '2018-04-18 00:08:04'),
	(68, '5201811', 'JAVIER SALAZAR MARCANO - jjlion79@gmail.com', 'Datos de Transportista Actualizado', '2018-04-18 00:08:25', '2018-04-18 00:08:25'),
	(69, '5201811', 'JAVIER SALAZAR MARCANO - jjlion79@gmail.com', 'Transportista Notificado: jpmontero@vedisaremates.cl', '2018-04-18 00:08:46', '2018-04-18 00:08:46'),
	(70, '5201811', 'JAVIER SALAZAR MARCANO - jjlion79@gmail.com', 'Orden asignada', '2018-04-18 00:08:46', '2018-04-18 00:08:46'),
	(71, '5201811', 'JAVIER SALAZAR MARCANO - jjlion79@gmail.com', 'Datos de Transportista Actualizado', '2018-04-18 00:30:36', '2018-04-18 00:30:36'),
	(72, '5201811', 'JAVIER SALAZAR MARCANO - jjlion79@gmail.com', 'Datos de Transportista Actualizado', '2018-04-18 00:35:21', '2018-04-18 00:35:21'),
	(73, '5201811', 'JAVIER SALAZAR MARCANO - jjlion79@gmail.com', 'Datos de Transportista Actualizado', '2018-04-18 00:37:28', '2018-04-18 00:37:28'),
	(74, '5201811', 'JAVIER SALAZAR MARCANO - jjlion79@gmail.com', 'Datos de Transportista Actualizado', '2018-04-18 01:02:04', '2018-04-18 01:02:04'),
	(75, '5201811', 'JAVIER SALAZAR MARCANO - jjlion79@gmail.com', 'Transportista Notificado: jjlion79@gmail.com', '2018-04-18 01:02:12', '2018-04-18 01:02:12'),
	(76, '5201811', 'JAVIER SALAZAR MARCANO - jjlion79@gmail.com', 'Orden asignada', '2018-04-18 01:02:12', '2018-04-18 01:02:12'),
	(77, '5201811', 'JAVIER SALAZAR MARCANO - jjlion79@gmail.com', 'Datos de Transportista Actualizado', '2018-04-18 01:03:07', '2018-04-18 01:03:07'),
	(78, '5201811', 'JAVIER SALAZAR MARCANO - jjlion79@gmail.com', 'Transportista Notificado: jpmontero@vedisaremates.cl', '2018-04-18 01:03:15', '2018-04-18 01:03:15'),
	(79, '5201811', 'JAVIER SALAZAR MARCANO - jjlion79@gmail.com', 'Orden asignada', '2018-04-18 01:03:15', '2018-04-18 01:03:15'),
	(80, '5201811', 'JAVIER SALAZAR MARCANO - jjlion79@gmail.com', 'Datos de Transportista Actualizado', '2018-04-19 00:53:11', '2018-04-19 00:53:11'),
	(81, '5201811', 'JAVIER SALAZAR MARCANO - jjlion79@gmail.com', 'Transportista Notificado: jpmontero@vedisaremates.cl', '2018-04-19 00:53:32', '2018-04-19 00:53:32'),
	(82, '5201811', 'JAVIER SALAZAR MARCANO - jjlion79@gmail.com', 'Orden asignada', '2018-04-19 00:53:33', '2018-04-19 00:53:33'),
	(83, '5201811', 'JAVIER SALAZAR MARCANO - jjlion79@gmail.com', 'Imagenes de Vehiculos cargadas', '2018-05-16 22:47:58', '2018-05-16 22:47:58'),
	(84, '5201811', 'JAVIER SALAZAR MARCANO - jjlion79@gmail.com', 'Imagenes de Vehiculos cargadas', '2018-05-16 22:48:29', '2018-05-16 22:48:29'),
	(85, '5201811', 'JAVIER SALAZAR MARCANO - jjlion79@gmail.com', 'Imagenes de Vehiculos cargadas', '2018-05-16 22:53:45', '2018-05-16 22:53:45'),
	(86, '5201811', 'JAVIER SALAZAR MARCANO - jjlion79@gmail.com', 'Imagenes de Vehiculos cargadas', '2018-05-16 22:53:58', '2018-05-16 22:53:58'),
	(87, '5201811', 'JAVIER SALAZAR MARCANO - jjlion79@gmail.com', 'Datos de Transportista Actualizado', '2018-05-28 23:16:21', '2018-05-28 23:16:21'),
	(88, '5201811', 'JAVIER SALAZAR MARCANO - jjlion79@gmail.com', 'Transportista Notificado: jpmontero@vedisaremates.cl', '2018-05-28 23:16:30', '2018-05-28 23:16:30'),
	(89, '5201811', 'JAVIER SALAZAR MARCANO - jjlion79@gmail.com', 'Orden asignada', '2018-05-28 23:16:30', '2018-05-28 23:16:30');
/*!40000 ALTER TABLE `historicoor` ENABLE KEYS */;

-- Volcando estructura para tabla sive_bd.liquidadores
CREATE TABLE IF NOT EXISTS `liquidadores` (
  `id` int(10) unsigned NOT NULL AUTO_INCREMENT,
  `compania` int(11) NOT NULL,
  `liquidador` varchar(250) COLLATE utf8mb4_unicode_ci NOT NULL,
  `created_at` timestamp NULL DEFAULT NULL,
  `updated_at` timestamp NULL DEFAULT NULL,
  PRIMARY KEY (`id`)
) ENGINE=InnoDB AUTO_INCREMENT=26 DEFAULT CHARSET=utf8mb4 COLLATE=utf8mb4_unicode_ci;

-- Volcando datos para la tabla sive_bd.liquidadores: ~6 rows (aproximadamente)
/*!40000 ALTER TABLE `liquidadores` DISABLE KEYS */;
REPLACE INTO `liquidadores` (`id`, `compania`, `liquidador`, `created_at`, `updated_at`) VALUES
	(17, 3, 'Jose Perez', '2017-12-27 15:31:53', '2017-12-27 15:31:53'),
	(18, 5, 'Juan Marín', '2017-12-27 15:32:06', '2017-12-27 15:32:06'),
	(20, 5, 'Juan Marín5', '2017-12-27 15:32:06', '2017-12-27 15:32:06'),
	(23, 1, 'Liquidadro cardif', '2017-12-27 19:17:07', '2017-12-27 19:17:07'),
	(24, 1, 'TEST LIQ', '2017-12-27 19:17:07', '2017-12-27 19:17:07'),
	(25, 1, 'LIQU TESTX', '2017-12-27 19:17:07', '2017-12-27 19:17:07');
/*!40000 ALTER TABLE `liquidadores` ENABLE KEYS */;

-- Volcando estructura para tabla sive_bd.marcas
CREATE TABLE IF NOT EXISTS `marcas` (
  `id` int(10) unsigned NOT NULL AUTO_INCREMENT,
  `nombre` varchar(150) COLLATE utf8mb4_unicode_ci NOT NULL,
  `habilitado` varchar(20) COLLATE utf8mb4_unicode_ci NOT NULL,
  `created_at` timestamp NULL DEFAULT NULL,
  `updated_at` timestamp NULL DEFAULT NULL,
  PRIMARY KEY (`id`)
) ENGINE=InnoDB AUTO_INCREMENT=276 DEFAULT CHARSET=utf8mb4 COLLATE=utf8mb4_unicode_ci;

-- Volcando datos para la tabla sive_bd.marcas: ~274 rows (aproximadamente)
/*!40000 ALTER TABLE `marcas` DISABLE KEYS */;
REPLACE INTO `marcas` (`id`, `nombre`, `habilitado`, `created_at`, `updated_at`) VALUES
	(1, 'ACADIAN', 'SI', '2017-10-16 16:06:48', '2017-10-16 19:07:55'),
	(2, 'ACURA', 'SI', '2017-10-16 16:06:48', NULL),
	(3, 'AGRALE', 'SI', '2017-10-16 16:06:48', NULL),
	(4, 'ALFA ROMEO', 'SI', '2017-10-16 16:06:48', NULL),
	(5, 'AMERICAN MOTORS', 'SI', '2017-10-16 16:06:48', NULL),
	(6, 'AMERITRUCK', 'SI', '2017-10-16 16:06:48', NULL),
	(7, 'APRILIA', 'SI', '2017-10-16 16:06:48', NULL),
	(8, 'ARO', 'SI', '2017-10-16 16:06:48', NULL),
	(9, 'ASIA', 'SI', '2017-10-16 16:06:48', NULL),
	(10, 'ASIA MOTORS', 'SI', '2017-10-16 16:06:48', NULL),
	(11, 'ASTON MARTIN', 'SI', '2017-10-16 16:06:48', NULL),
	(12, 'AUDI', 'SI', '2017-10-16 16:06:48', NULL),
	(13, 'AUSTIN', 'SI', '2017-10-16 16:06:48', NULL),
	(14, 'AUTOCAR', 'SI', '2017-10-16 16:06:48', NULL),
	(15, 'AUTORRAD', 'SI', '2017-10-16 16:06:48', NULL),
	(16, 'B.M.C.', 'SI', '2017-10-16 16:06:48', NULL),
	(17, 'BAIC', 'SI', '2017-10-16 16:06:48', NULL),
	(18, 'BAJAJ', 'SI', '2017-10-16 16:06:48', NULL),
	(19, 'BASHAN', 'SI', '2017-10-16 16:06:48', NULL),
	(20, 'BAW', 'SI', '2017-10-16 16:06:48', NULL),
	(21, 'BEDFORD', 'SI', '2017-10-16 16:06:48', NULL),
	(22, 'BEIGING', 'SI', '2017-10-16 16:06:48', NULL),
	(23, 'BELAVTOMAZ', 'SI', '2017-10-16 16:06:48', NULL),
	(24, 'BENELLI', 'SI', '2017-10-16 16:06:48', NULL),
	(25, 'BENTLEY', 'SI', '2017-10-16 16:06:48', NULL),
	(26, 'BENYI', 'SI', '2017-10-16 16:06:48', NULL),
	(27, 'BENZHOU', 'SI', '2017-10-16 16:06:48', NULL),
	(28, 'BERLIET', 'SI', '2017-10-16 16:06:48', NULL),
	(29, 'BIGFOOT', 'SI', '2017-10-16 16:06:48', NULL),
	(30, 'BIMOTA', 'SI', '2017-10-16 16:06:48', NULL),
	(31, 'BMW', 'SI', '2017-10-16 16:06:48', NULL),
	(32, 'BOATIAN', 'SI', '2017-10-16 16:06:48', NULL),
	(33, 'BORGWARD', 'SI', '2017-10-16 16:06:48', NULL),
	(34, 'BRILLIANCE', 'SI', '2017-10-16 16:06:48', NULL),
	(35, 'BUELL', 'SI', '2017-10-16 16:06:48', NULL),
	(36, 'BUICK', 'SI', '2017-10-16 16:06:48', NULL),
	(37, 'BULTACO', 'SI', '2017-10-16 16:06:48', NULL),
	(38, 'BUSSING', 'SI', '2017-10-16 16:06:48', NULL),
	(39, 'BYD', 'SI', '2017-10-16 16:06:48', NULL),
	(40, 'CADILLAC', 'SI', '2017-10-16 16:06:48', NULL),
	(41, 'CAGIVA', 'SI', '2017-10-16 16:06:48', NULL),
	(42, 'CAKY-CHANGAN', 'SI', '2017-10-16 16:06:48', NULL),
	(43, 'CAMC', 'SI', '2017-10-16 16:06:48', NULL),
	(44, 'CATERHAM', 'SI', '2017-10-16 16:06:48', NULL),
	(45, 'CFMOTO', 'SI', '2017-10-16 16:06:48', NULL),
	(46, 'CHANGAN', 'SI', '2017-10-16 16:06:48', NULL),
	(47, 'CHANGHE', 'SI', '2017-10-16 16:06:48', NULL),
	(48, 'CHERY', 'SI', '2017-10-16 16:06:48', NULL),
	(49, 'CHEVROLET', 'SI', '2017-10-16 16:06:48', NULL),
	(50, 'CHRYSLER', 'SI', '2017-10-16 16:06:48', NULL),
	(51, 'CITROEN', 'SI', '2017-10-16 16:06:48', NULL),
	(52, 'COMIL GALLEGIANTE', 'SI', '2017-10-16 16:06:48', NULL),
	(53, 'COMMER', 'SI', '2017-10-16 16:06:48', NULL),
	(54, 'DACIA', 'SI', '2017-10-16 16:06:48', NULL),
	(55, 'DAELIM', 'SI', '2017-10-16 16:06:48', NULL),
	(56, 'DAEWOO', 'SI', '2017-10-16 16:06:48', NULL),
	(57, 'DAF', 'SI', '2017-10-16 16:06:48', NULL),
	(58, 'DAIHATSU', 'SI', '2017-10-16 16:06:48', NULL),
	(59, 'DATSUN', 'SI', '2017-10-16 16:06:48', NULL),
	(60, 'DAYUN', 'SI', '2017-10-16 16:06:48', NULL),
	(61, 'DIAMOND', 'SI', '2017-10-16 16:06:48', NULL),
	(62, 'DIMEX', 'SI', '2017-10-16 16:06:48', NULL),
	(63, 'DODGE', 'SI', '2017-10-16 16:06:48', NULL),
	(64, 'DONGFENG', 'SI', '2017-10-16 16:06:48', NULL),
	(65, 'DUCATI', 'SI', '2017-10-16 16:06:48', NULL),
	(66, 'DUNNA', 'SI', '2017-10-16 16:06:48', NULL),
	(67, 'DYNA', 'SI', '2017-10-16 16:06:48', NULL),
	(68, 'EBRO', 'SI', '2017-10-16 16:06:48', NULL),
	(69, 'EUROMOT', 'SI', '2017-10-16 16:06:48', NULL),
	(70, 'F.S.O.', 'SI', '2017-10-16 16:06:48', NULL),
	(71, 'FARGO', 'SI', '2017-10-16 16:06:48', NULL),
	(72, 'FAW', 'SI', '2017-10-16 16:06:48', NULL),
	(73, 'FBM', 'SI', '2017-10-16 16:06:48', NULL),
	(74, 'FEDERAL', 'SI', '2017-10-16 16:06:48', NULL),
	(75, 'FERRARI', 'SI', '2017-10-16 16:06:48', NULL),
	(76, 'FIAT', 'SI', '2017-10-16 16:06:48', NULL),
	(77, 'FLSTF', 'SI', '2017-10-16 16:06:48', NULL),
	(78, 'FORD', 'SI', '2017-10-16 16:06:48', NULL),
	(79, 'FORD TAUNUS', 'SI', '2017-10-16 16:06:48', NULL),
	(80, 'FORD THAMES', 'SI', '2017-10-16 16:06:48', NULL),
	(81, 'FOTON', 'SI', '2017-10-16 16:06:48', NULL),
	(82, 'FOX', 'SI', '2017-10-16 16:06:48', NULL),
	(83, 'FREIGHTLINER', 'SI', '2017-10-16 16:06:48', NULL),
	(84, 'FXA', 'SI', '2017-10-16 16:06:48', NULL),
	(85, 'G.M.C.', 'SI', '2017-10-16 16:06:48', NULL),
	(86, 'GAC GONOW', 'SI', '2017-10-16 16:06:48', NULL),
	(87, 'GARELLI', 'SI', '2017-10-16 16:06:48', NULL),
	(88, 'GASGAS', 'SI', '2017-10-16 16:06:48', NULL),
	(89, 'GEELY', 'SI', '2017-10-16 16:06:48', NULL),
	(90, 'GELLY', 'SI', '2017-10-16 16:06:48', NULL),
	(91, 'GILERA', 'SI', '2017-10-16 16:06:48', NULL),
	(92, 'GOLDEN DRAGON', 'SI', '2017-10-16 16:06:48', NULL),
	(93, 'GREAT WALL', 'SI', '2017-10-16 16:06:48', NULL),
	(94, 'GREYHOUND', 'SI', '2017-10-16 16:06:48', NULL),
	(95, 'GUZZI', 'SI', '2017-10-16 16:06:48', NULL),
	(96, 'HAFEI', 'SI', '2017-10-16 16:06:48', NULL),
	(97, 'HAIMA', 'SI', '2017-10-16 16:06:48', NULL),
	(98, 'HAO JUE', 'SI', '2017-10-16 16:06:48', NULL),
	(99, 'HARLEY', 'SI', '2017-10-16 16:06:48', NULL),
	(100, 'HARLEY-DAVIDSON', 'SI', '2017-10-16 16:06:48', NULL),
	(101, 'HARTFORD', 'SI', '2017-10-16 16:06:48', NULL),
	(102, 'HAVAL', 'SI', '2017-10-16 16:06:48', NULL),
	(103, 'HENSCHEL', 'SI', '2017-10-16 16:06:48', NULL),
	(104, 'HENSIM', 'SI', '2017-10-16 16:06:48', NULL),
	(105, 'HERO-PUCH', 'SI', '2017-10-16 16:06:48', NULL),
	(106, 'HIGER', 'SI', '2017-10-16 16:06:48', NULL),
	(107, 'HILLMAN', 'SI', '2017-10-16 16:06:48', NULL),
	(108, 'HINO', 'SI', '2017-10-16 16:06:48', NULL),
	(109, 'HONDA', 'SI', '2017-10-16 16:06:48', NULL),
	(110, 'HUANGHAI', 'SI', '2017-10-16 16:06:48', NULL),
	(111, 'HUSABERG', 'SI', '2017-10-16 16:06:48', NULL),
	(112, 'HUSQVARNA', 'SI', '2017-10-16 16:06:48', NULL),
	(113, 'HYOSUNG', 'SI', '2017-10-16 16:06:48', NULL),
	(114, 'HYUNDAI', 'SI', '2017-10-16 16:06:48', NULL),
	(115, 'INDIAN', 'SI', '2017-10-16 16:06:48', NULL),
	(116, 'INFINITI', 'SI', '2017-10-16 16:06:48', NULL),
	(117, 'INTERNATIONAL', 'SI', '2017-10-16 16:06:48', NULL),
	(118, 'ISUZU', 'SI', '2017-10-16 16:06:48', NULL),
	(119, 'IVECO', 'SI', '2017-10-16 16:06:48', NULL),
	(120, 'JAC', 'SI', '2017-10-16 16:06:48', NULL),
	(121, 'JAGUAR', 'SI', '2017-10-16 16:06:48', NULL),
	(122, 'JAWA', 'SI', '2017-10-16 16:06:48', NULL),
	(123, 'JBC JINBEI', 'SI', '2017-10-16 16:06:48', NULL),
	(124, 'JEEP', 'SI', '2017-10-16 16:06:48', NULL),
	(125, 'JIANSHE', 'SI', '2017-10-16 16:06:48', NULL),
	(126, 'JIE FANG', 'SI', '2017-10-16 16:06:48', NULL),
	(127, 'JINBEI', 'SI', '2017-10-16 16:06:48', NULL),
	(128, 'JMC', 'SI', '2017-10-16 16:06:48', NULL),
	(129, 'KAMAZ', 'SI', '2017-10-16 16:06:48', NULL),
	(130, 'KAWASAKI', 'SI', '2017-10-16 16:06:48', NULL),
	(131, 'KAYAK', 'SI', '2017-10-16 16:06:48', NULL),
	(132, 'KEEWAY', 'SI', '2017-10-16 16:06:48', NULL),
	(133, 'KENWORTH', 'SI', '2017-10-16 16:06:48', NULL),
	(134, 'KIA', 'SI', '2017-10-16 16:06:48', NULL),
	(135, 'KIA MOTORS', 'SI', '2017-10-16 16:06:48', NULL),
	(136, 'KING LONG', 'SI', '2017-10-16 16:06:48', NULL),
	(137, 'KINLON', 'SI', '2017-10-16 16:06:48', NULL),
	(138, 'KTM', 'SI', '2017-10-16 16:06:48', NULL),
	(139, 'KYMCO', 'SI', '2017-10-16 16:06:48', NULL),
	(140, 'LADA', 'SI', '2017-10-16 16:06:48', NULL),
	(141, 'LAMBORGHINI', 'SI', '2017-10-16 16:06:48', NULL),
	(142, 'LAMBRETTA', 'SI', '2017-10-16 16:06:48', NULL),
	(143, 'LANCIA', 'SI', '2017-10-16 16:06:48', NULL),
	(144, 'LAND ROVER', 'SI', '2017-10-16 16:06:48', NULL),
	(145, 'LANDWIND', 'SI', '2017-10-16 16:06:48', NULL),
	(146, 'LEXUS', 'SI', '2017-10-16 16:06:48', NULL),
	(147, 'LEYLAND', 'SI', '2017-10-16 16:06:48', NULL),
	(148, 'LIAZ', 'SI', '2017-10-16 16:06:48', NULL),
	(149, 'LIFAN', 'SI', '2017-10-16 16:06:48', NULL),
	(150, 'LINCOLN', 'SI', '2017-10-16 16:06:48', NULL),
	(151, 'LML', 'SI', '2017-10-16 16:06:48', NULL),
	(152, 'LONCIN', 'SI', '2017-10-16 16:06:48', NULL),
	(153, 'LOTUS', 'SI', '2017-10-16 16:06:48', NULL),
	(154, 'LUOJIA', 'SI', '2017-10-16 16:06:48', NULL),
	(155, 'MACK', 'SI', '2017-10-16 16:06:48', NULL),
	(156, 'MAGIRUS', 'SI', '2017-10-16 16:06:48', NULL),
	(157, 'MAGIRUS DEUTZ', 'SI', '2017-10-16 16:06:48', NULL),
	(158, 'MAHINDRA', 'SI', '2017-10-16 16:06:48', NULL),
	(159, 'MAICO', 'SI', '2017-10-16 16:06:48', NULL),
	(160, 'MAN', 'SI', '2017-10-16 16:06:48', NULL),
	(161, 'MARCOPOLO', 'SI', '2017-10-16 16:06:48', NULL),
	(162, 'MASERATI', 'SI', '2017-10-16 16:06:48', NULL),
	(163, 'MAXUS', 'SI', '2017-10-16 16:06:48', NULL),
	(164, 'MAZDA', 'SI', '2017-10-16 16:06:48', NULL),
	(165, 'MCLAREN', 'SI', '2017-10-16 16:06:48', NULL),
	(166, 'MERCEDES BENZ', 'SI', '2017-10-16 16:06:48', NULL),
	(167, 'MERCURY', 'SI', '2017-10-16 16:06:48', NULL),
	(168, 'MG', 'SI', '2017-10-16 16:06:48', NULL),
	(169, 'MINI', 'SI', '2017-10-16 16:06:48', NULL),
	(170, 'MITSUBISHI', 'SI', '2017-10-16 16:06:48', NULL),
	(171, 'MONTELLI', 'SI', '2017-10-16 16:06:48', NULL),
	(172, 'MONTESA', 'SI', '2017-10-16 16:06:48', NULL),
	(173, 'MORGAN', 'SI', '2017-10-16 16:06:48', NULL),
	(174, 'MORRIS', 'SI', '2017-10-16 16:06:48', NULL),
	(175, 'MOTO BECANE', 'SI', '2017-10-16 16:06:48', NULL),
	(176, 'MOTORRAD', 'SI', '2017-10-16 16:06:48', NULL),
	(177, 'MSK', 'SI', '2017-10-16 16:06:48', NULL),
	(178, 'MV AGUSTA', 'SI', '2017-10-16 16:06:48', NULL),
	(179, 'NISSAN', 'SI', '2017-10-16 16:06:48', NULL),
	(180, 'NSU', 'SI', '2017-10-16 16:06:48', NULL),
	(181, 'O.M.', 'SI', '2017-10-16 16:06:48', NULL),
	(182, 'ODES', 'SI', '2017-10-16 16:06:48', NULL),
	(183, 'OLDSMOBILE', 'SI', '2017-10-16 16:06:48', NULL),
	(184, 'OPEL', 'SI', '2017-10-16 16:06:48', NULL),
	(185, 'OSSA', 'SI', '2017-10-16 16:06:48', NULL),
	(186, 'PEGASO', 'SI', '2017-10-16 16:06:48', NULL),
	(187, 'PEUGEOT', 'SI', '2017-10-16 16:06:48', NULL),
	(188, 'PGO', 'SI', '2017-10-16 16:06:48', NULL),
	(189, 'PIAGGIO', 'SI', '2017-10-16 16:06:48', NULL),
	(190, 'PIONNER', 'SI', '2017-10-16 16:06:48', NULL),
	(191, 'PLYMOUTH', 'SI', '2017-10-16 16:06:48', NULL),
	(192, 'POLARIS', 'SI', '2017-10-16 16:06:48', NULL),
	(193, 'POLSKI FIAT', 'SI', '2017-10-16 16:06:48', NULL),
	(194, 'PONTIAC', 'SI', '2017-10-16 16:06:48', NULL),
	(195, 'PORSCHE', 'SI', '2017-10-16 16:06:48', NULL),
	(196, 'PROTON', 'SI', '2017-10-16 16:06:48', NULL),
	(197, 'PULLMAN STD AMERIC', 'SI', '2017-10-16 16:06:48', NULL),
	(198, 'PUMA', 'SI', '2017-10-16 16:06:48', NULL),
	(199, 'REGAL RAPTOR', 'SI', '2017-10-16 16:06:48', NULL),
	(200, 'RENAULT', 'SI', '2017-10-16 16:06:48', NULL),
	(201, 'RENAULT(Berliet)', 'SI', '2017-10-16 16:06:48', NULL),
	(202, 'REO', 'SI', '2017-10-16 16:06:48', NULL),
	(203, 'RIZATO', 'SI', '2017-10-16 16:06:48', NULL),
	(204, 'ROLLS ROYCE', 'SI', '2017-10-16 16:06:48', NULL),
	(205, 'ROMAN', 'SI', '2017-10-16 16:06:48', NULL),
	(206, 'ROVER', 'SI', '2017-10-16 16:06:48', NULL),
	(207, 'S/M', 'SI', '2017-10-16 16:06:48', NULL),
	(208, 'SAAB', 'SI', '2017-10-16 16:06:48', NULL),
	(209, 'SACHS', 'SI', '2017-10-16 16:06:48', NULL),
	(210, 'SAEHAN', 'SI', '2017-10-16 16:06:48', NULL),
	(211, 'SAMSUNG', 'SI', '2017-10-16 16:06:48', NULL),
	(212, 'SANFU', 'SI', '2017-10-16 16:06:48', NULL),
	(213, 'SANLG', 'SI', '2017-10-16 16:06:48', NULL),
	(214, 'SANYA', 'SI', '2017-10-16 16:06:48', NULL),
	(215, 'SANYANG SYM', 'SI', '2017-10-16 16:06:48', NULL),
	(216, 'SCANIA', 'SI', '2017-10-16 16:06:48', NULL),
	(217, 'SEAT', 'SI', '2017-10-16 16:06:48', NULL),
	(218, 'SETRA (Mercedes Benz)', 'SI', '2017-10-16 16:06:48', NULL),
	(219, 'SG', 'SI', '2017-10-16 16:06:48', NULL),
	(220, 'SHACMAN', 'SI', '2017-10-16 16:06:48', NULL),
	(221, 'SHENFENG', 'SI', '2017-10-16 16:06:48', NULL),
	(222, 'SHENYANG JINBEI', 'SI', '2017-10-16 16:06:48', NULL),
	(223, 'SHINERAY', 'SI', '2017-10-16 16:06:48', NULL),
	(224, 'SIMCA', 'SI', '2017-10-16 16:06:48', NULL),
	(225, 'SINOTRUK', 'SI', '2017-10-16 16:06:48', NULL),
	(226, 'SKODA', 'SI', '2017-10-16 16:06:48', NULL),
	(227, 'SKYGO', 'SI', '2017-10-16 16:06:48', NULL),
	(228, 'SMA', 'SI', '2017-10-16 16:06:48', NULL),
	(229, 'SPITZ', 'SI', '2017-10-16 16:06:48', NULL),
	(230, 'SSANGYONG', 'SI', '2017-10-16 16:06:48', NULL),
	(231, 'STUDEBAKER', 'SI', '2017-10-16 16:06:48', NULL),
	(232, 'SUBARU', 'SI', '2017-10-16 16:06:48', NULL),
	(233, 'SUNLONG', 'SI', '2017-10-16 16:06:48', NULL),
	(234, 'SUZUKI', 'SI', '2017-10-16 16:06:48', NULL),
	(235, 'TAKASAKI', 'SI', '2017-10-16 16:06:48', NULL),
	(236, 'TATA', 'SI', '2017-10-16 16:06:48', NULL),
	(237, 'TATRA', 'SI', '2017-10-16 16:06:48', NULL),
	(238, 'TM', 'SI', '2017-10-16 16:06:48', NULL),
	(239, 'TORITO', 'SI', '2017-10-16 16:06:48', NULL),
	(240, 'TOYOTA', 'SI', '2017-10-16 16:06:48', NULL),
	(241, 'TRIUMPH', 'SI', '2017-10-16 16:06:48', NULL),
	(242, 'TVS', 'SI', '2017-10-16 16:06:48', NULL),
	(243, 'UNITED MOTORS', 'SI', '2017-10-16 16:06:48', NULL),
	(244, 'URAL', 'SI', '2017-10-16 16:06:48', NULL),
	(245, 'VERONA', 'SI', '2017-10-16 16:06:48', NULL),
	(246, 'VESPA', 'SI', '2017-10-16 16:06:48', NULL),
	(247, 'VOLARE', 'SI', '2017-10-16 16:06:48', NULL),
	(248, 'VOLKSWAGEN', 'SI', '2017-10-16 16:06:48', NULL),
	(249, 'VOLVO', 'SI', '2017-10-16 16:06:48', NULL),
	(250, 'WABCO', 'SI', '2017-10-16 16:06:48', NULL),
	(251, 'WANGYE', 'SI', '2017-10-16 16:06:48', NULL),
	(252, 'WESTERN STAR', 'SI', '2017-10-16 16:06:48', NULL),
	(253, 'WHITE', 'SI', '2017-10-16 16:06:48', NULL),
	(254, 'WILLYS', 'SI', '2017-10-16 16:06:48', NULL),
	(255, 'WOLKEN', 'SI', '2017-10-16 16:06:48', NULL),
	(256, 'XGJAO', 'SI', '2017-10-16 16:06:48', NULL),
	(257, 'XINGYUE', 'SI', '2017-10-16 16:06:48', NULL),
	(258, 'XMOTORS', 'SI', '2017-10-16 16:06:48', NULL),
	(259, 'YAMAHA', 'SI', '2017-10-16 16:06:48', NULL),
	(260, 'YAMAMOTO', 'SI', '2017-10-16 16:06:48', NULL),
	(261, 'YOUYI', 'SI', '2017-10-16 16:06:48', NULL),
	(262, 'YUE JIN', 'SI', '2017-10-16 16:06:48', NULL),
	(263, 'YUGO', 'SI', '2017-10-16 16:06:48', NULL),
	(264, 'YUTONG', 'SI', '2017-10-16 16:06:48', NULL),
	(265, 'ZANELLAS', 'SI', '2017-10-16 16:06:48', NULL),
	(266, 'ZANELLO', 'SI', '2017-10-16 16:06:48', NULL),
	(267, 'ZASTAVA', 'SI', '2017-10-16 16:06:48', NULL),
	(268, 'ZNEN GROUP', 'SI', '2017-10-16 16:06:48', NULL),
	(269, 'ZONGSHEN', 'SI', '2017-10-16 16:06:48', NULL),
	(270, 'ZOTYE', 'SI', '2017-10-16 16:06:48', NULL),
	(271, 'ZUNDAPP', 'SI', '2017-10-16 16:06:48', NULL),
	(272, 'ZX', 'SI', '2017-10-16 16:06:48', NULL),
	(273, 'MONTEROTEST', 'SI', '2017-11-03 18:42:53', '2017-11-03 18:42:53'),
	(274, 'TOMMY', 'SI', '2017-12-05 19:41:27', '2017-12-05 19:41:27'),
	(275, 'INTEL', 'SI', '2018-06-02 21:46:15', '2018-06-02 21:46:15');
/*!40000 ALTER TABLE `marcas` ENABLE KEYS */;

-- Volcando estructura para tabla sive_bd.migrations
CREATE TABLE IF NOT EXISTS `migrations` (
  `id` int(10) unsigned NOT NULL AUTO_INCREMENT,
  `migration` varchar(191) COLLATE utf8mb4_unicode_ci NOT NULL,
  `batch` int(11) NOT NULL,
  PRIMARY KEY (`id`)
) ENGINE=InnoDB AUTO_INCREMENT=1330 DEFAULT CHARSET=utf8mb4 COLLATE=utf8mb4_unicode_ci;

-- Volcando datos para la tabla sive_bd.migrations: ~570 rows (aproximadamente)
/*!40000 ALTER TABLE `migrations` DISABLE KEYS */;
REPLACE INTO `migrations` (`id`, `migration`, `batch`) VALUES
	(1, '2014_10_12_000000_create_users_table', 1),
	(2, '2014_10_12_100000_create_password_resets_table', 1),
	(3, '2017_08_31_150921_crear_tabla_vehiculos', 1),
	(4, '2017_09_08_222349_crear_tabla_bodegass', 1),
	(5, '2017_09_11_173551_crear_tabla_transportista', 1),
	(6, '2017_09_18_011750_create_marcas_table', 1),
	(7, '2017_09_18_130201_create_modelos_table', 1),
	(8, '2017_09_19_015840_create_tasacions_table', 1),
	(9, '2017_10_03_180054_create_companias_table', 1),
	(10, '2017_10_04_195238_create_contactos_table', 1),
	(11, '2017_10_11_194709_create_tallers_table', 1),
	(12, '2017_10_16_202725_create_tipos_table', 1),
	(13, '2017_11_30_163337_create_ordenesretiro_table', 1),
	(14, '2017_12_07_200643_create_archivosor_table', 1),
	(15, '2017_12_19_192725_create_obervacionesor_table', 1),
	(16, '2017_12_26_183538_create_liquidadores_table', 1),
	(17, '2018_01_04_180321_create_existencias_table', 1),
	(18, '2018_01_04_193933_create_archivosexistencia_table', 1),
	(19, '2018_01_11_163220_create_observexistencia_table', 1),
	(20, '2018_01_23_174636_create_actas_table', 1),
	(21, '2018_01_23_185503_create_actas_exitencias_table', 1),
	(22, '2018_02_23_022805_create_sivebase_table', 1),
	(23, '2018_03_28_022907_create_facturatraslado_table', 1),
	(24, '2018_04_01_143544_create_historicoor_table', 1),
	(25, '2018_04_01_143612_create_historicoexist_table', 1),
	(26, '2018_04_14_115742_create_clientes_table', 1),
	(71, '2014_10_12_000000_create_users_table', 1),
	(72, '2014_10_12_100000_create_password_resets_table', 1),
	(73, '2017_08_31_150921_crear_tabla_vehiculos', 1),
	(74, '2017_09_08_222349_crear_tabla_bodegass', 1),
	(75, '2017_09_11_173551_crear_tabla_transportista', 1),
	(76, '2017_09_18_011750_create_marcas_table', 1),
	(77, '2017_09_18_130201_create_modelos_table', 1),
	(78, '2017_09_19_015840_create_tasacions_table', 1),
	(79, '2017_10_03_180054_create_companias_table', 1),
	(80, '2017_10_04_195238_create_contactos_table', 1),
	(81, '2017_10_11_194709_create_tallers_table', 1),
	(82, '2017_10_16_202725_create_tipos_table', 1),
	(83, '2017_11_30_163337_create_ordenesretiro_table', 1),
	(84, '2017_12_07_200643_create_archivosor_table', 1),
	(85, '2014_10_12_000000_create_users_table', 1),
	(86, '2014_10_12_100000_create_password_resets_table', 1),
	(87, '2017_08_31_150921_crear_tabla_vehiculos', 1),
	(88, '2017_09_08_222349_crear_tabla_bodegass', 1),
	(89, '2017_09_11_173551_crear_tabla_transportista', 1),
	(90, '2017_09_18_011750_create_marcas_table', 1),
	(91, '2017_09_18_130201_create_modelos_table', 1),
	(92, '2017_09_19_015840_create_tasacions_table', 1),
	(93, '2017_10_03_180054_create_companias_table', 1),
	(94, '2017_10_04_195238_create_contactos_table', 1),
	(95, '2017_10_11_194709_create_tallers_table', 1),
	(96, '2017_10_16_202725_create_tipos_table', 1),
	(97, '2017_11_30_163337_create_ordenesretiro_table', 1),
	(98, '2017_12_07_200643_create_archivosor_table', 1),
	(99, '2014_10_12_000000_create_users_table', 1),
	(100, '2014_10_12_100000_create_password_resets_table', 1),
	(101, '2017_08_31_150921_crear_tabla_vehiculos', 1),
	(102, '2017_09_08_222349_crear_tabla_bodegass', 1),
	(103, '2017_09_11_173551_crear_tabla_transportista', 1),
	(104, '2017_09_18_011750_create_marcas_table', 1),
	(105, '2017_09_18_130201_create_modelos_table', 1),
	(106, '2017_09_19_015840_create_tasacions_table', 1),
	(107, '2017_10_03_180054_create_companias_table', 1),
	(108, '2017_10_04_195238_create_contactos_table', 1),
	(109, '2017_10_11_194709_create_tallers_table', 1),
	(110, '2017_10_16_202725_create_tipos_table', 1),
	(111, '2017_11_30_163337_create_ordenesretiro_table', 1),
	(112, '2017_12_07_200643_create_archivosor_table', 1),
	(113, '2017_12_19_192725_create_obervacionesor_table', 1),
	(114, '2014_10_12_000000_create_users_table', 1),
	(115, '2014_10_12_100000_create_password_resets_table', 1),
	(116, '2017_08_31_150921_crear_tabla_vehiculos', 1),
	(117, '2017_09_08_222349_crear_tabla_bodegass', 1),
	(118, '2017_09_11_173551_crear_tabla_transportista', 1),
	(119, '2017_09_18_011750_create_marcas_table', 1),
	(120, '2017_09_18_130201_create_modelos_table', 1),
	(121, '2017_09_19_015840_create_tasacions_table', 1),
	(122, '2017_10_03_180054_create_companias_table', 1),
	(123, '2017_10_04_195238_create_contactos_table', 1),
	(124, '2017_10_11_194709_create_tallers_table', 1),
	(125, '2017_10_16_202725_create_tipos_table', 1),
	(126, '2017_11_30_163337_create_ordenesretiro_table', 1),
	(127, '2017_12_07_200643_create_archivosor_table', 1),
	(128, '2017_12_19_192725_create_obervacionesor_table', 1),
	(129, '2014_10_12_000000_create_users_table', 1),
	(130, '2014_10_12_100000_create_password_resets_table', 1),
	(131, '2017_08_31_150921_crear_tabla_vehiculos', 1),
	(132, '2017_09_08_222349_crear_tabla_bodegass', 1),
	(133, '2017_09_11_173551_crear_tabla_transportista', 1),
	(134, '2017_09_18_011750_create_marcas_table', 1),
	(135, '2017_09_18_130201_create_modelos_table', 1),
	(136, '2017_09_19_015840_create_tasacions_table', 1),
	(137, '2017_10_03_180054_create_companias_table', 1),
	(138, '2017_10_04_195238_create_contactos_table', 1),
	(139, '2017_10_11_194709_create_tallers_table', 1),
	(140, '2017_10_16_202725_create_tipos_table', 1),
	(141, '2017_11_30_163337_create_ordenesretiro_table', 1),
	(142, '2017_12_07_200643_create_archivosor_table', 1),
	(143, '2017_12_19_192725_create_obervacionesor_table', 1),
	(144, '2017_12_26_183538_create_liquidadores_table', 1),
	(160, '2014_10_12_000000_create_users_table', 1),
	(161, '2014_10_12_100000_create_password_resets_table', 1),
	(162, '2017_08_31_150921_crear_tabla_vehiculos', 1),
	(163, '2017_09_08_222349_crear_tabla_bodegass', 1),
	(164, '2017_09_11_173551_crear_tabla_transportista', 1),
	(165, '2017_09_18_011750_create_marcas_table', 1),
	(166, '2017_09_18_130201_create_modelos_table', 1),
	(167, '2017_09_19_015840_create_tasacions_table', 1),
	(168, '2017_10_03_180054_create_companias_table', 1),
	(169, '2017_10_04_195238_create_contactos_table', 1),
	(170, '2017_10_11_194709_create_tallers_table', 1),
	(171, '2017_10_16_202725_create_tipos_table', 1),
	(172, '2017_11_30_163337_create_ordenesretiro_table', 1),
	(173, '2017_12_07_200643_create_archivosor_table', 1),
	(174, '2017_12_19_192725_create_obervacionesor_table', 1),
	(175, '2017_12_26_183538_create_liquidadores_table', 1),
	(176, '2014_10_12_000000_create_users_table', 1),
	(177, '2014_10_12_100000_create_password_resets_table', 1),
	(178, '2017_08_31_150921_crear_tabla_vehiculos', 1),
	(179, '2017_09_08_222349_crear_tabla_bodegass', 1),
	(180, '2017_09_11_173551_crear_tabla_transportista', 1),
	(181, '2017_09_18_011750_create_marcas_table', 1),
	(182, '2017_09_18_130201_create_modelos_table', 1),
	(183, '2017_09_19_015840_create_tasacions_table', 1),
	(184, '2017_10_03_180054_create_companias_table', 1),
	(185, '2017_10_04_195238_create_contactos_table', 1),
	(186, '2017_10_11_194709_create_tallers_table', 1),
	(187, '2017_10_16_202725_create_tipos_table', 1),
	(188, '2017_11_30_163337_create_ordenesretiro_table', 1),
	(189, '2017_12_07_200643_create_archivosor_table', 1),
	(190, '2017_12_19_192725_create_obervacionesor_table', 1),
	(191, '2017_12_26_183538_create_liquidadores_table', 1),
	(208, '2014_10_12_000000_create_users_table', 1),
	(209, '2014_10_12_100000_create_password_resets_table', 1),
	(210, '2017_08_31_150921_crear_tabla_vehiculos', 1),
	(211, '2017_09_08_222349_crear_tabla_bodegass', 1),
	(212, '2017_09_11_173551_crear_tabla_transportista', 1),
	(213, '2017_09_18_011750_create_marcas_table', 1),
	(214, '2017_09_18_130201_create_modelos_table', 1),
	(215, '2017_09_19_015840_create_tasacions_table', 1),
	(216, '2017_10_03_180054_create_companias_table', 1),
	(217, '2017_10_04_195238_create_contactos_table', 1),
	(218, '2017_10_11_194709_create_tallers_table', 1),
	(219, '2017_10_16_202725_create_tipos_table', 1),
	(220, '2017_11_30_163337_create_ordenesretiro_table', 1),
	(221, '2017_12_07_200643_create_archivosor_table', 1),
	(222, '2017_12_19_192725_create_obervacionesor_table', 1),
	(223, '2017_12_26_183538_create_liquidadores_table', 1),
	(288, '2014_10_12_000000_create_users_table', 1),
	(289, '2014_10_12_100000_create_password_resets_table', 1),
	(290, '2017_08_31_150921_crear_tabla_vehiculos', 1),
	(291, '2017_09_08_222349_crear_tabla_bodegass', 1),
	(292, '2017_09_11_173551_crear_tabla_transportista', 1),
	(293, '2017_09_18_011750_create_marcas_table', 1),
	(294, '2017_09_18_130201_create_modelos_table', 1),
	(295, '2017_09_19_015840_create_tasacions_table', 1),
	(296, '2017_10_03_180054_create_companias_table', 1),
	(297, '2017_10_04_195238_create_contactos_table', 1),
	(298, '2017_10_11_194709_create_tallers_table', 1),
	(299, '2017_10_16_202725_create_tipos_table', 1),
	(300, '2017_11_30_163337_create_ordenesretiro_table', 1),
	(301, '2017_12_07_200643_create_archivosor_table', 1),
	(302, '2017_12_19_192725_create_obervacionesor_table', 1),
	(303, '2017_12_26_183538_create_liquidadores_table', 1),
	(304, '2014_10_12_000000_create_users_table', 1),
	(305, '2014_10_12_100000_create_password_resets_table', 1),
	(306, '2017_08_31_150921_crear_tabla_vehiculos', 1),
	(307, '2017_09_08_222349_crear_tabla_bodegass', 1),
	(308, '2017_09_11_173551_crear_tabla_transportista', 1),
	(309, '2017_09_18_011750_create_marcas_table', 1),
	(310, '2017_09_18_130201_create_modelos_table', 1),
	(311, '2017_09_19_015840_create_tasacions_table', 1),
	(312, '2017_10_03_180054_create_companias_table', 1),
	(313, '2017_10_04_195238_create_contactos_table', 1),
	(314, '2017_10_11_194709_create_tallers_table', 1),
	(315, '2017_10_16_202725_create_tipos_table', 1),
	(316, '2017_11_30_163337_create_ordenesretiro_table', 1),
	(317, '2017_12_07_200643_create_archivosor_table', 1),
	(318, '2017_12_19_192725_create_obervacionesor_table', 1),
	(319, '2017_12_26_183538_create_liquidadores_table', 1),
	(320, '2018_01_04_180321_create_existencias_table', 1),
	(321, '2014_10_12_000000_create_users_table', 1),
	(322, '2014_10_12_100000_create_password_resets_table', 1),
	(323, '2017_08_31_150921_crear_tabla_vehiculos', 1),
	(324, '2017_09_08_222349_crear_tabla_bodegass', 1),
	(325, '2017_09_11_173551_crear_tabla_transportista', 1),
	(326, '2017_09_18_011750_create_marcas_table', 1),
	(327, '2017_09_18_130201_create_modelos_table', 1),
	(328, '2017_09_19_015840_create_tasacions_table', 1),
	(329, '2017_10_03_180054_create_companias_table', 1),
	(330, '2017_10_04_195238_create_contactos_table', 1),
	(331, '2017_10_11_194709_create_tallers_table', 1),
	(332, '2017_10_16_202725_create_tipos_table', 1),
	(333, '2017_11_30_163337_create_ordenesretiro_table', 1),
	(334, '2017_12_07_200643_create_archivosor_table', 1),
	(335, '2017_12_19_192725_create_obervacionesor_table', 1),
	(336, '2017_12_26_183538_create_liquidadores_table', 1),
	(337, '2018_01_04_180321_create_existencias_table', 1),
	(338, '2018_01_04_193933_create_archivosexistencia_table', 1),
	(357, '2014_10_12_000000_create_users_table', 1),
	(358, '2014_10_12_100000_create_password_resets_table', 1),
	(359, '2017_08_31_150921_crear_tabla_vehiculos', 1),
	(360, '2017_09_08_222349_crear_tabla_bodegass', 1),
	(361, '2017_09_11_173551_crear_tabla_transportista', 1),
	(362, '2017_09_18_011750_create_marcas_table', 1),
	(363, '2017_09_18_130201_create_modelos_table', 1),
	(364, '2017_09_19_015840_create_tasacions_table', 1),
	(365, '2017_10_03_180054_create_companias_table', 1),
	(366, '2017_10_04_195238_create_contactos_table', 1),
	(367, '2017_10_11_194709_create_tallers_table', 1),
	(368, '2017_10_16_202725_create_tipos_table', 1),
	(369, '2017_11_30_163337_create_ordenesretiro_table', 1),
	(370, '2017_12_07_200643_create_archivosor_table', 1),
	(371, '2017_12_19_192725_create_obervacionesor_table', 1),
	(372, '2017_12_26_183538_create_liquidadores_table', 1),
	(373, '2018_01_04_180321_create_existencias_table', 1),
	(374, '2018_01_04_193933_create_archivosexistencia_table', 1),
	(432, '2014_10_12_000000_create_users_table', 1),
	(433, '2014_10_12_100000_create_password_resets_table', 1),
	(434, '2017_08_31_150921_crear_tabla_vehiculos', 1),
	(435, '2017_09_08_222349_crear_tabla_bodegass', 1),
	(436, '2017_09_11_173551_crear_tabla_transportista', 1),
	(437, '2017_09_18_011750_create_marcas_table', 1),
	(438, '2017_09_18_130201_create_modelos_table', 1),
	(439, '2017_09_19_015840_create_tasacions_table', 1),
	(440, '2017_10_03_180054_create_companias_table', 1),
	(441, '2017_10_04_195238_create_contactos_table', 1),
	(442, '2017_10_11_194709_create_tallers_table', 1),
	(443, '2017_10_16_202725_create_tipos_table', 1),
	(444, '2017_11_30_163337_create_ordenesretiro_table', 1),
	(445, '2017_12_07_200643_create_archivosor_table', 1),
	(446, '2017_12_19_192725_create_obervacionesor_table', 1),
	(447, '2017_12_26_183538_create_liquidadores_table', 1),
	(448, '2018_01_04_180321_create_existencias_table', 1),
	(449, '2018_01_04_193933_create_archivosexistencia_table', 1),
	(450, '2018_01_11_163220_create_observexistencia_table', 1),
	(470, '2014_10_12_000000_create_users_table', 1),
	(471, '2014_10_12_100000_create_password_resets_table', 1),
	(472, '2017_08_31_150921_crear_tabla_vehiculos', 1),
	(473, '2017_09_08_222349_crear_tabla_bodegass', 1),
	(474, '2017_09_11_173551_crear_tabla_transportista', 1),
	(475, '2017_09_18_011750_create_marcas_table', 1),
	(476, '2017_09_18_130201_create_modelos_table', 1),
	(477, '2017_09_19_015840_create_tasacions_table', 1),
	(478, '2017_10_03_180054_create_companias_table', 1),
	(479, '2017_10_04_195238_create_contactos_table', 1),
	(480, '2017_10_11_194709_create_tallers_table', 1),
	(481, '2017_10_16_202725_create_tipos_table', 1),
	(482, '2017_11_30_163337_create_ordenesretiro_table', 1),
	(483, '2017_12_07_200643_create_archivosor_table', 1),
	(484, '2017_12_19_192725_create_obervacionesor_table', 1),
	(485, '2017_12_26_183538_create_liquidadores_table', 1),
	(486, '2018_01_04_180321_create_existencias_table', 1),
	(487, '2018_01_04_193933_create_archivosexistencia_table', 1),
	(488, '2018_01_11_163220_create_observexistencia_table', 1),
	(508, '2014_10_12_000000_create_users_table', 1),
	(509, '2014_10_12_100000_create_password_resets_table', 1),
	(510, '2017_08_31_150921_crear_tabla_vehiculos', 1),
	(511, '2017_09_08_222349_crear_tabla_bodegass', 1),
	(512, '2017_09_11_173551_crear_tabla_transportista', 1),
	(513, '2017_09_18_011750_create_marcas_table', 1),
	(514, '2017_09_18_130201_create_modelos_table', 1),
	(515, '2017_09_19_015840_create_tasacions_table', 1),
	(516, '2017_10_03_180054_create_companias_table', 1),
	(517, '2017_10_04_195238_create_contactos_table', 1),
	(518, '2017_10_11_194709_create_tallers_table', 1),
	(519, '2017_10_16_202725_create_tipos_table', 1),
	(520, '2017_11_30_163337_create_ordenesretiro_table', 1),
	(521, '2017_12_07_200643_create_archivosor_table', 1),
	(522, '2017_12_19_192725_create_obervacionesor_table', 1),
	(523, '2017_12_26_183538_create_liquidadores_table', 1),
	(524, '2018_01_04_180321_create_existencias_table', 1),
	(525, '2018_01_04_193933_create_archivosexistencia_table', 1),
	(526, '2018_01_11_163220_create_observexistencia_table', 1),
	(527, '2014_10_12_000000_create_users_table', 1),
	(528, '2014_10_12_100000_create_password_resets_table', 1),
	(529, '2017_08_31_150921_crear_tabla_vehiculos', 1),
	(530, '2017_09_08_222349_crear_tabla_bodegass', 1),
	(531, '2017_09_11_173551_crear_tabla_transportista', 1),
	(532, '2017_09_18_011750_create_marcas_table', 1),
	(533, '2017_09_18_130201_create_modelos_table', 1),
	(534, '2017_09_19_015840_create_tasacions_table', 1),
	(535, '2017_10_03_180054_create_companias_table', 1),
	(536, '2017_10_04_195238_create_contactos_table', 1),
	(537, '2017_10_11_194709_create_tallers_table', 1),
	(538, '2017_10_16_202725_create_tipos_table', 1),
	(539, '2017_11_30_163337_create_ordenesretiro_table', 1),
	(540, '2017_12_07_200643_create_archivosor_table', 1),
	(541, '2017_12_19_192725_create_obervacionesor_table', 1),
	(542, '2017_12_26_183538_create_liquidadores_table', 1),
	(543, '2018_01_04_180321_create_existencias_table', 1),
	(544, '2018_01_04_193933_create_archivosexistencia_table', 1),
	(545, '2018_01_11_163220_create_observexistencia_table', 1),
	(567, '2014_10_12_000000_create_users_table', 1),
	(568, '2014_10_12_100000_create_password_resets_table', 1),
	(569, '2017_08_31_150921_crear_tabla_vehiculos', 1),
	(570, '2017_09_08_222349_crear_tabla_bodegass', 1),
	(571, '2017_09_11_173551_crear_tabla_transportista', 1),
	(572, '2017_09_18_011750_create_marcas_table', 1),
	(573, '2017_09_18_130201_create_modelos_table', 1),
	(574, '2017_09_19_015840_create_tasacions_table', 1),
	(575, '2017_10_03_180054_create_companias_table', 1),
	(576, '2017_10_04_195238_create_contactos_table', 1),
	(577, '2017_10_11_194709_create_tallers_table', 1),
	(578, '2017_10_16_202725_create_tipos_table', 1),
	(579, '2017_11_30_163337_create_ordenesretiro_table', 1),
	(580, '2017_12_07_200643_create_archivosor_table', 1),
	(581, '2017_12_19_192725_create_obervacionesor_table', 1),
	(582, '2017_12_26_183538_create_liquidadores_table', 1),
	(583, '2018_01_04_180321_create_existencias_table', 1),
	(584, '2018_01_04_193933_create_archivosexistencia_table', 1),
	(585, '2018_01_11_163220_create_observexistencia_table', 1),
	(586, '2018_01_23_174636_create_actas_table', 1),
	(587, '2018_01_23_185503_create_actas_exitencias_table', 1),
	(588, '2014_10_12_000000_create_users_table', 1),
	(589, '2014_10_12_100000_create_password_resets_table', 1),
	(590, '2017_08_31_150921_crear_tabla_vehiculos', 1),
	(591, '2017_09_08_222349_crear_tabla_bodegass', 1),
	(592, '2017_09_11_173551_crear_tabla_transportista', 1),
	(593, '2017_09_18_011750_create_marcas_table', 1),
	(594, '2017_09_18_130201_create_modelos_table', 1),
	(595, '2017_09_19_015840_create_tasacions_table', 1),
	(596, '2017_10_03_180054_create_companias_table', 1),
	(597, '2017_10_04_195238_create_contactos_table', 1),
	(598, '2017_10_11_194709_create_tallers_table', 1),
	(599, '2017_10_16_202725_create_tipos_table', 1),
	(600, '2017_11_30_163337_create_ordenesretiro_table', 1),
	(601, '2017_12_07_200643_create_archivosor_table', 1),
	(602, '2017_12_19_192725_create_obervacionesor_table', 1),
	(603, '2017_12_26_183538_create_liquidadores_table', 1),
	(604, '2018_01_04_180321_create_existencias_table', 1),
	(605, '2018_01_04_193933_create_archivosexistencia_table', 1),
	(606, '2018_01_11_163220_create_observexistencia_table', 1),
	(607, '2018_01_23_174636_create_actas_table', 1),
	(608, '2018_01_23_185503_create_actas_exitencias_table', 1),
	(651, '2014_10_12_000000_create_users_table', 1),
	(652, '2014_10_12_100000_create_password_resets_table', 1),
	(653, '2017_08_31_150921_crear_tabla_vehiculos', 1),
	(654, '2017_09_08_222349_crear_tabla_bodegass', 1),
	(655, '2017_09_11_173551_crear_tabla_transportista', 1),
	(656, '2017_09_18_011750_create_marcas_table', 1),
	(657, '2017_09_18_130201_create_modelos_table', 1),
	(658, '2017_09_19_015840_create_tasacions_table', 1),
	(659, '2017_10_03_180054_create_companias_table', 1),
	(660, '2017_10_04_195238_create_contactos_table', 1),
	(661, '2017_10_11_194709_create_tallers_table', 1),
	(662, '2017_10_16_202725_create_tipos_table', 1),
	(663, '2017_11_30_163337_create_ordenesretiro_table', 1),
	(664, '2017_12_07_200643_create_archivosor_table', 1),
	(665, '2017_12_19_192725_create_obervacionesor_table', 1),
	(666, '2017_12_26_183538_create_liquidadores_table', 1),
	(667, '2018_01_04_180321_create_existencias_table', 1),
	(668, '2018_01_04_193933_create_archivosexistencia_table', 1),
	(669, '2018_01_11_163220_create_observexistencia_table', 1),
	(670, '2018_01_23_174636_create_actas_table', 1),
	(671, '2018_01_23_185503_create_actas_exitencias_table', 1),
	(903, '2014_10_12_000000_create_users_table', 1),
	(904, '2014_10_12_100000_create_password_resets_table', 1),
	(905, '2017_08_31_150921_crear_tabla_vehiculos', 1),
	(906, '2017_09_08_222349_crear_tabla_bodegass', 1),
	(907, '2017_09_11_173551_crear_tabla_transportista', 1),
	(908, '2017_09_18_011750_create_marcas_table', 1),
	(909, '2017_09_18_130201_create_modelos_table', 1),
	(910, '2017_09_19_015840_create_tasacions_table', 1),
	(911, '2017_10_03_180054_create_companias_table', 1),
	(912, '2017_10_04_195238_create_contactos_table', 1),
	(913, '2017_10_11_194709_create_tallers_table', 1),
	(914, '2017_10_16_202725_create_tipos_table', 1),
	(915, '2017_11_30_163337_create_ordenesretiro_table', 1),
	(916, '2017_12_07_200643_create_archivosor_table', 1),
	(917, '2017_12_19_192725_create_obervacionesor_table', 1),
	(918, '2017_12_26_183538_create_liquidadores_table', 1),
	(919, '2018_01_04_180321_create_existencias_table', 1),
	(920, '2018_01_04_193933_create_archivosexistencia_table', 1),
	(921, '2018_01_11_163220_create_observexistencia_table', 1),
	(922, '2018_01_23_174636_create_actas_table', 1),
	(923, '2018_01_23_185503_create_actas_exitencias_table', 1),
	(966, '2014_10_12_000000_create_users_table', 1),
	(967, '2014_10_12_100000_create_password_resets_table', 1),
	(968, '2017_08_31_150921_crear_tabla_vehiculos', 1),
	(969, '2017_09_08_222349_crear_tabla_bodegass', 1),
	(970, '2017_09_11_173551_crear_tabla_transportista', 1),
	(971, '2017_09_18_011750_create_marcas_table', 1),
	(972, '2017_09_18_130201_create_modelos_table', 1),
	(973, '2017_09_19_015840_create_tasacions_table', 1),
	(974, '2017_10_03_180054_create_companias_table', 1),
	(975, '2017_10_04_195238_create_contactos_table', 1),
	(976, '2017_10_11_194709_create_tallers_table', 1),
	(977, '2017_10_16_202725_create_tipos_table', 1),
	(978, '2017_11_30_163337_create_ordenesretiro_table', 1),
	(979, '2017_12_07_200643_create_archivosor_table', 1),
	(980, '2017_12_19_192725_create_obervacionesor_table', 1),
	(981, '2017_12_26_183538_create_liquidadores_table', 1),
	(982, '2018_01_04_180321_create_existencias_table', 1),
	(983, '2018_01_04_193933_create_archivosexistencia_table', 1),
	(984, '2018_01_11_163220_create_observexistencia_table', 1),
	(985, '2018_01_23_174636_create_actas_table', 1),
	(986, '2018_01_23_185503_create_actas_exitencias_table', 1),
	(1050, '2014_10_12_000000_create_users_table', 1),
	(1051, '2014_10_12_100000_create_password_resets_table', 1),
	(1052, '2017_08_31_150921_crear_tabla_vehiculos', 1),
	(1053, '2017_09_08_222349_crear_tabla_bodegass', 1),
	(1054, '2017_09_11_173551_crear_tabla_transportista', 1),
	(1055, '2017_09_18_011750_create_marcas_table', 1),
	(1056, '2017_09_18_130201_create_modelos_table', 1),
	(1057, '2017_09_19_015840_create_tasacions_table', 1),
	(1058, '2017_10_03_180054_create_companias_table', 1),
	(1059, '2017_10_04_195238_create_contactos_table', 1),
	(1060, '2017_10_11_194709_create_tallers_table', 1),
	(1061, '2017_10_16_202725_create_tipos_table', 1),
	(1062, '2017_11_30_163337_create_ordenesretiro_table', 1),
	(1063, '2017_12_07_200643_create_archivosor_table', 1),
	(1064, '2017_12_19_192725_create_obervacionesor_table', 1),
	(1065, '2017_12_26_183538_create_liquidadores_table', 1),
	(1066, '2018_01_04_180321_create_existencias_table', 1),
	(1067, '2018_01_04_193933_create_archivosexistencia_table', 1),
	(1068, '2018_01_11_163220_create_observexistencia_table', 1),
	(1069, '2018_01_23_174636_create_actas_table', 1),
	(1070, '2018_01_23_185503_create_actas_exitencias_table', 1),
	(1071, '2014_10_12_000000_create_users_table', 1),
	(1072, '2014_10_12_100000_create_password_resets_table', 1),
	(1073, '2017_08_31_150921_crear_tabla_vehiculos', 1),
	(1074, '2017_09_08_222349_crear_tabla_bodegass', 1),
	(1075, '2017_09_11_173551_crear_tabla_transportista', 1),
	(1076, '2017_09_18_011750_create_marcas_table', 1),
	(1077, '2017_09_18_130201_create_modelos_table', 1),
	(1078, '2017_09_19_015840_create_tasacions_table', 1),
	(1079, '2017_10_03_180054_create_companias_table', 1),
	(1080, '2017_10_04_195238_create_contactos_table', 1),
	(1081, '2017_10_11_194709_create_tallers_table', 1),
	(1082, '2017_10_16_202725_create_tipos_table', 1),
	(1083, '2017_11_30_163337_create_ordenesretiro_table', 1),
	(1084, '2017_12_07_200643_create_archivosor_table', 1),
	(1085, '2017_12_19_192725_create_obervacionesor_table', 1),
	(1086, '2017_12_26_183538_create_liquidadores_table', 1),
	(1087, '2018_01_04_180321_create_existencias_table', 1),
	(1088, '2018_01_04_193933_create_archivosexistencia_table', 1),
	(1089, '2018_01_11_163220_create_observexistencia_table', 1),
	(1090, '2018_01_23_174636_create_actas_table', 1),
	(1091, '2018_01_23_185503_create_actas_exitencias_table', 1),
	(1113, '2014_10_12_000000_create_users_table', 1),
	(1114, '2014_10_12_100000_create_password_resets_table', 1),
	(1115, '2017_08_31_150921_crear_tabla_vehiculos', 1),
	(1116, '2017_09_08_222349_crear_tabla_bodegass', 1),
	(1117, '2017_09_11_173551_crear_tabla_transportista', 1),
	(1118, '2017_09_18_011750_create_marcas_table', 1),
	(1119, '2017_09_18_130201_create_modelos_table', 1),
	(1120, '2017_09_19_015840_create_tasacions_table', 1),
	(1121, '2017_10_03_180054_create_companias_table', 1),
	(1122, '2017_10_04_195238_create_contactos_table', 1),
	(1123, '2017_10_11_194709_create_tallers_table', 1),
	(1124, '2017_10_16_202725_create_tipos_table', 1),
	(1125, '2017_11_30_163337_create_ordenesretiro_table', 1),
	(1126, '2017_12_07_200643_create_archivosor_table', 1),
	(1127, '2017_12_19_192725_create_obervacionesor_table', 1),
	(1128, '2017_12_26_183538_create_liquidadores_table', 1),
	(1129, '2018_01_04_180321_create_existencias_table', 1),
	(1130, '2018_01_04_193933_create_archivosexistencia_table', 1),
	(1131, '2018_01_11_163220_create_observexistencia_table', 1),
	(1132, '2018_01_23_174636_create_actas_table', 1),
	(1133, '2018_01_23_185503_create_actas_exitencias_table', 1),
	(1155, '2014_10_12_000000_create_users_table', 1),
	(1156, '2014_10_12_100000_create_password_resets_table', 1),
	(1157, '2017_08_31_150921_crear_tabla_vehiculos', 1),
	(1158, '2017_09_08_222349_crear_tabla_bodegass', 1),
	(1159, '2017_09_11_173551_crear_tabla_transportista', 1),
	(1160, '2017_09_18_011750_create_marcas_table', 1),
	(1161, '2017_09_18_130201_create_modelos_table', 1),
	(1162, '2017_09_19_015840_create_tasacions_table', 1),
	(1163, '2017_10_03_180054_create_companias_table', 1),
	(1164, '2017_10_04_195238_create_contactos_table', 1),
	(1165, '2017_10_11_194709_create_tallers_table', 1),
	(1166, '2017_10_16_202725_create_tipos_table', 1),
	(1167, '2017_11_30_163337_create_ordenesretiro_table', 1),
	(1168, '2017_12_07_200643_create_archivosor_table', 1),
	(1169, '2017_12_19_192725_create_obervacionesor_table', 1),
	(1170, '2017_12_26_183538_create_liquidadores_table', 1),
	(1171, '2018_01_04_180321_create_existencias_table', 1),
	(1172, '2018_01_04_193933_create_archivosexistencia_table', 1),
	(1173, '2018_01_11_163220_create_observexistencia_table', 1),
	(1174, '2018_01_23_174636_create_actas_table', 1),
	(1175, '2018_01_23_185503_create_actas_exitencias_table', 1),
	(1176, '2014_10_12_000000_create_users_table', 1),
	(1177, '2014_10_12_100000_create_password_resets_table', 1),
	(1178, '2017_08_31_150921_crear_tabla_vehiculos', 1),
	(1179, '2017_09_08_222349_crear_tabla_bodegass', 1),
	(1180, '2017_09_11_173551_crear_tabla_transportista', 1),
	(1181, '2017_09_18_011750_create_marcas_table', 1),
	(1182, '2017_09_18_130201_create_modelos_table', 1),
	(1183, '2017_09_19_015840_create_tasacions_table', 1),
	(1184, '2017_10_03_180054_create_companias_table', 1),
	(1185, '2017_10_04_195238_create_contactos_table', 1),
	(1186, '2017_10_11_194709_create_tallers_table', 1),
	(1187, '2017_10_16_202725_create_tipos_table', 1),
	(1188, '2017_11_30_163337_create_ordenesretiro_table', 1),
	(1189, '2017_12_07_200643_create_archivosor_table', 1),
	(1190, '2017_12_19_192725_create_obervacionesor_table', 1),
	(1191, '2017_12_26_183538_create_liquidadores_table', 1),
	(1192, '2018_01_04_180321_create_existencias_table', 1),
	(1193, '2018_01_04_193933_create_archivosexistencia_table', 1),
	(1194, '2018_01_11_163220_create_observexistencia_table', 1),
	(1195, '2018_01_23_174636_create_actas_table', 1),
	(1196, '2018_01_23_185503_create_actas_exitencias_table', 1),
	(1197, '2018_02_23_022805_create_sivebase_table', 1),
	(1198, '2014_10_12_000000_create_users_table', 1),
	(1199, '2014_10_12_100000_create_password_resets_table', 1),
	(1200, '2017_08_31_150921_crear_tabla_vehiculos', 1),
	(1201, '2017_09_08_222349_crear_tabla_bodegass', 1),
	(1202, '2017_09_11_173551_crear_tabla_transportista', 1),
	(1203, '2017_09_18_011750_create_marcas_table', 1),
	(1204, '2017_09_18_130201_create_modelos_table', 1),
	(1205, '2017_09_19_015840_create_tasacions_table', 1),
	(1206, '2017_10_03_180054_create_companias_table', 1),
	(1207, '2017_10_04_195238_create_contactos_table', 1),
	(1208, '2017_10_11_194709_create_tallers_table', 1),
	(1209, '2017_10_16_202725_create_tipos_table', 1),
	(1210, '2017_11_30_163337_create_ordenesretiro_table', 1),
	(1211, '2017_12_07_200643_create_archivosor_table', 1),
	(1212, '2017_12_19_192725_create_obervacionesor_table', 1),
	(1213, '2017_12_26_183538_create_liquidadores_table', 1),
	(1214, '2018_01_04_180321_create_existencias_table', 1),
	(1215, '2018_01_04_193933_create_archivosexistencia_table', 1),
	(1216, '2018_01_11_163220_create_observexistencia_table', 1),
	(1217, '2018_01_23_174636_create_actas_table', 1),
	(1218, '2018_01_23_185503_create_actas_exitencias_table', 1),
	(1219, '2018_02_23_022805_create_sivebase_table', 1),
	(1220, '2014_10_12_000000_create_users_table', 1),
	(1221, '2014_10_12_100000_create_password_resets_table', 1),
	(1222, '2017_08_31_150921_crear_tabla_vehiculos', 1),
	(1223, '2017_09_08_222349_crear_tabla_bodegass', 1),
	(1224, '2017_09_11_173551_crear_tabla_transportista', 1),
	(1225, '2017_09_18_011750_create_marcas_table', 1),
	(1226, '2017_09_18_130201_create_modelos_table', 1),
	(1227, '2017_09_19_015840_create_tasacions_table', 1),
	(1228, '2017_10_03_180054_create_companias_table', 1),
	(1229, '2017_10_04_195238_create_contactos_table', 1),
	(1230, '2017_10_11_194709_create_tallers_table', 1),
	(1231, '2017_10_16_202725_create_tipos_table', 1),
	(1232, '2017_11_30_163337_create_ordenesretiro_table', 1),
	(1233, '2017_12_07_200643_create_archivosor_table', 1),
	(1234, '2017_12_19_192725_create_obervacionesor_table', 1),
	(1235, '2017_12_26_183538_create_liquidadores_table', 1),
	(1236, '2018_01_04_180321_create_existencias_table', 1),
	(1237, '2018_01_04_193933_create_archivosexistencia_table', 1),
	(1238, '2018_01_11_163220_create_observexistencia_table', 1),
	(1239, '2018_01_23_174636_create_actas_table', 1),
	(1240, '2018_01_23_185503_create_actas_exitencias_table', 1),
	(1241, '2018_02_23_022805_create_sivebase_table', 1),
	(1308, '2014_10_12_000000_create_users_table', 1),
	(1309, '2014_10_12_100000_create_password_resets_table', 1),
	(1310, '2017_08_31_150921_crear_tabla_vehiculos', 1),
	(1311, '2017_09_08_222349_crear_tabla_bodegass', 1),
	(1312, '2017_09_11_173551_crear_tabla_transportista', 1),
	(1313, '2017_09_18_011750_create_marcas_table', 1),
	(1314, '2017_09_18_130201_create_modelos_table', 1),
	(1315, '2017_09_19_015840_create_tasacions_table', 1),
	(1316, '2017_10_03_180054_create_companias_table', 1),
	(1317, '2017_10_04_195238_create_contactos_table', 1),
	(1318, '2017_10_11_194709_create_tallers_table', 1),
	(1319, '2017_10_16_202725_create_tipos_table', 1),
	(1320, '2017_11_30_163337_create_ordenesretiro_table', 1),
	(1321, '2017_12_07_200643_create_archivosor_table', 1),
	(1322, '2017_12_19_192725_create_obervacionesor_table', 1),
	(1323, '2017_12_26_183538_create_liquidadores_table', 1),
	(1324, '2018_01_04_180321_create_existencias_table', 1),
	(1325, '2018_01_04_193933_create_archivosexistencia_table', 1),
	(1326, '2018_01_11_163220_create_observexistencia_table', 1),
	(1327, '2018_01_23_174636_create_actas_table', 1),
	(1328, '2018_01_23_185503_create_actas_exitencias_table', 1),
	(1329, '2018_02_23_022805_create_sivebase_table', 1);
/*!40000 ALTER TABLE `migrations` ENABLE KEYS */;

-- Volcando estructura para tabla sive_bd.modelos
CREATE TABLE IF NOT EXISTS `modelos` (
  `id` int(10) unsigned NOT NULL AUTO_INCREMENT,
  `nombre` varchar(150) COLLATE utf8mb4_unicode_ci NOT NULL,
  `marca` varchar(150) COLLATE utf8mb4_unicode_ci NOT NULL,
  `tipo` varchar(50) COLLATE utf8mb4_unicode_ci NOT NULL,
  `habilitado` varchar(20) COLLATE utf8mb4_unicode_ci NOT NULL DEFAULT 'SI',
  `created_at` timestamp NULL DEFAULT NULL,
  `updated_at` timestamp NULL DEFAULT NULL,
  PRIMARY KEY (`id`)
) ENGINE=InnoDB AUTO_INCREMENT=11 DEFAULT CHARSET=utf8mb4 COLLATE=utf8mb4_unicode_ci;

-- Volcando datos para la tabla sive_bd.modelos: ~10 rows (aproximadamente)
/*!40000 ALTER TABLE `modelos` DISABLE KEYS */;
REPLACE INTO `modelos` (`id`, `nombre`, `marca`, `tipo`, `habilitado`, `created_at`, `updated_at`) VALUES
	(1, '29 DLX', '114', '2', 'SI', '2017-09-18 14:33:18', '2017-11-03 18:29:29'),
	(2, 'Spark', '49', '1', 'SI', '2017-09-18 14:33:18', '2017-11-03 18:28:01'),
	(3, 'T7H 440 6X4', '225', '4', 'SI', '2017-11-03 18:32:21', '2017-11-03 18:32:21'),
	(4, 'YARIS NFZ90', '240', '1', 'SI', '2017-11-03 18:40:46', '2017-11-03 18:40:46'),
	(5, 'MODELOTEST1', '273', '11', 'SI', '2017-11-03 18:43:39', '2017-11-03 18:43:39'),
	(6, 'YARIS SPORT', '240', '1', 'SI', '2017-11-03 18:40:46', '2017-11-03 18:40:46'),
	(7, 'GIULIETTA', '4', '1', 'SI', '2017-12-05 13:58:32', '2017-12-05 13:58:32'),
	(8, 'RIO 4 UB EX 1.4', '135', '1', 'SI', '2017-12-05 15:10:28', '2017-12-05 15:10:28'),
	(9, 'CHEVETTE DL', '49', '1', 'SI', '2017-12-05 15:11:22', '2017-12-05 15:11:22'),
	(10, 'NEW YARIS GLI 1.5', '240', '1', 'SI', '2017-12-05 15:11:46', '2017-12-05 15:11:46'),
	(13, 'CANSO', '1', '1', 'SI', '2018-06-02 22:28:34', '2018-06-02 22:28:34'),
	(14, 'ILX', '2', '1', 'SI', '2018-06-02 22:54:19', '2018-06-02 22:54:19');
/*!40000 ALTER TABLE `modelos` ENABLE KEYS */;

-- Volcando estructura para tabla sive_bd.observacionesor
CREATE TABLE IF NOT EXISTS `observacionesor` (
  `id` int(10) unsigned NOT NULL AUTO_INCREMENT,
  `idordenretiro` int(11) NOT NULL,
  `companiaid` int(11) NOT NULL,
  `fecha` date NOT NULL,
  `userid` int(11) NOT NULL,
  `observacion` varchar(300) COLLATE utf8mb4_unicode_ci NOT NULL,
  `privada` int(11) NOT NULL,
  `created_at` timestamp NULL DEFAULT NULL,
  `updated_at` timestamp NULL DEFAULT NULL,
  PRIMARY KEY (`id`)
) ENGINE=InnoDB AUTO_INCREMENT=18 DEFAULT CHARSET=utf8mb4 COLLATE=utf8mb4_unicode_ci;

-- Volcando datos para la tabla sive_bd.observacionesor: ~13 rows (aproximadamente)
/*!40000 ALTER TABLE `observacionesor` DISABLE KEYS */;
REPLACE INTO `observacionesor` (`id`, `idordenretiro`, `companiaid`, `fecha`, `userid`, `observacion`, `privada`, `created_at`, `updated_at`) VALUES
	(1, 1, 7, '2017-12-20', 1, 'OBS1', 0, '2017-12-20 02:00:43', '2017-12-20 02:00:43'),
	(2, 5, 7, '2017-12-20', 23, 'OBS2', 0, '2017-12-20 02:03:58', '2017-12-20 02:03:58'),
	(3, 1, 7, '2017-12-20', 1, 'OBS3', 0, '2017-12-20 02:17:17', '2017-12-20 02:17:17'),
	(4, 1, 7, '2017-12-20', 1, 'OBS4', 0, '2017-12-20 02:17:51', '2017-12-20 02:17:51'),
	(5, 5, 7, '2017-12-20', 1, 'OBS5', 0, '2017-12-20 02:18:02', '2017-12-20 02:18:02'),
	(6, 5, 7, '2017-12-20', 1, 'OBS6', 0, '2017-12-20 15:04:23', '2017-12-20 15:04:23'),
	(7, 5, 7, '2017-12-20', 1, 'OBS7', 0, '2017-12-20 15:06:30', '2017-12-20 15:06:30'),
	(8, 5, 7, '2017-12-20', 1, 'OBS8', 0, '2017-12-20 15:08:02', '2017-12-20 15:08:02'),
	(9, 5, 7, '2017-12-20', 1, 'OBS9', 0, '2017-12-20 15:43:03', '2017-12-20 15:43:03'),
	(10, 5, 7, '2017-12-26', 1, 'Obervacion test', 0, '2017-12-26 16:22:10', '2017-12-26 16:22:10'),
	(11, 6, 7, '2017-12-27', 1, 'Obs #1513615912', 0, '2017-12-27 20:02:17', '2017-12-27 20:02:17'),
	(16, 2, 7, '2018-01-11', 1, 'com prob obs privada', 1, '2018-01-11 18:12:43', '2018-01-11 18:12:43'),
	(17, 2, 7, '2018-01-11', 1, 'obs no privada', 0, '2018-01-11 18:15:58', '2018-01-11 18:15:58');
/*!40000 ALTER TABLE `observacionesor` ENABLE KEYS */;

-- Volcando estructura para tabla sive_bd.observexistencia
CREATE TABLE IF NOT EXISTS `observexistencia` (
  `id` int(10) unsigned NOT NULL AUTO_INCREMENT,
  `idingreso` int(11) NOT NULL,
  `companiaid` int(11) NOT NULL,
  `fecha` date NOT NULL,
  `userid` int(11) NOT NULL,
  `observacion` varchar(300) COLLATE utf8mb4_unicode_ci NOT NULL,
  `privada` int(11) NOT NULL,
  `created_at` timestamp NULL DEFAULT NULL,
  `updated_at` timestamp NULL DEFAULT NULL,
  PRIMARY KEY (`id`)
) ENGINE=InnoDB AUTO_INCREMENT=7 DEFAULT CHARSET=utf8mb4 COLLATE=utf8mb4_unicode_ci;

-- Volcando datos para la tabla sive_bd.observexistencia: ~6 rows (aproximadamente)
/*!40000 ALTER TABLE `observexistencia` DISABLE KEYS */;
REPLACE INTO `observexistencia` (`id`, `idingreso`, `companiaid`, `fecha`, `userid`, `observacion`, `privada`, `created_at`, `updated_at`) VALUES
	(1, 10, 7, '2018-01-11', 1, 'qwe', 0, '2018-01-11 17:30:53', '2018-01-11 17:30:53'),
	(2, 10, 7, '2018-01-11', 1, '11226', 0, '2018-01-11 17:39:07', '2018-01-11 17:39:07'),
	(3, 9, 7, '2018-01-11', 1, 'qwew', 0, '2018-01-11 17:39:45', '2018-01-11 17:39:45'),
	(4, 9, 7, '2018-01-11', 1, '1111111', 0, '2018-01-11 17:39:52', '2018-01-11 17:39:52'),
	(5, 10, 7, '2018-01-11', 1, 'privada1', 0, '2018-01-11 17:41:29', '2018-01-11 17:41:29'),
	(6, 10, 7, '2018-01-11', 1, 'test privada', 1, '2018-01-11 18:01:44', '2018-01-11 18:01:44');
/*!40000 ALTER TABLE `observexistencia` ENABLE KEYS */;

-- Volcando estructura para tabla sive_bd.ordenesretiro
CREATE TABLE IF NOT EXISTS `ordenesretiro` (
  `id` int(10) unsigned NOT NULL AUTO_INCREMENT,
  `nproceso` varchar(150) COLLATE utf8mb4_unicode_ci NOT NULL,
  `estado` varchar(191) COLLATE utf8mb4_unicode_ci NOT NULL,
  `fecha` date NOT NULL,
  `compania` int(11) NOT NULL,
  `vehiculo` int(11) NOT NULL,
  `nsiniestro` varchar(150) COLLATE utf8mb4_unicode_ci NOT NULL,
  `contacto` int(11) NOT NULL,
  `tasacion` int(11) NOT NULL,
  `vminremate` int(11) NOT NULL DEFAULT '0',
  `vtraslado` int(11) NOT NULL DEFAULT '0',
  `nfacturaproveedor` varchar(150) COLLATE utf8mb4_unicode_ci NOT NULL DEFAULT 'N/R',
  `vfacturacia` int(11) NOT NULL DEFAULT '0',
  `nfactura` varchar(150) COLLATE utf8mb4_unicode_ci NOT NULL DEFAULT 'N/R',
  `vindem` int(11) NOT NULL DEFAULT '0',
  `liquidador` int(11) NOT NULL DEFAULT '0',
  `transportista` int(11) NOT NULL,
  `taller` int(11) NOT NULL,
  `creadopor` int(11) NOT NULL,
  `actualizadopor` int(11) NOT NULL,
  `created_at` timestamp NULL DEFAULT NULL,
  `updated_at` timestamp NULL DEFAULT NULL,
  PRIMARY KEY (`id`)
) ENGINE=InnoDB AUTO_INCREMENT=18 DEFAULT CHARSET=utf8mb4 COLLATE=utf8mb4_unicode_ci;

-- Volcando datos para la tabla sive_bd.ordenesretiro: ~17 rows (aproximadamente)
/*!40000 ALTER TABLE `ordenesretiro` DISABLE KEYS */;
REPLACE INTO `ordenesretiro` (`id`, `nproceso`, `estado`, `fecha`, `compania`, `vehiculo`, `nsiniestro`, `contacto`, `tasacion`, `vminremate`, `vtraslado`, `nfacturaproveedor`, `vfacturacia`, `nfactura`, `vindem`, `liquidador`, `transportista`, `taller`, `creadopor`, `actualizadopor`, `created_at`, `updated_at`) VALUES
	(1, '1512134561', 'Retirado', '2017-11-01', 7, 2, 'nsisniestro', 1, 200000, 500000, 20000, 'N/R', 3500000, 'N/R', 10000, 1, 14, 1, 1, 1, '2017-12-01 13:22:41', '2018-01-02 15:34:31'),
	(2, '1512159676', 'Con Problemas', '2017-12-01', 1, 1, '12', 4, 0, 0, 0, 'N/R', 0, 'N/R', 0, 0, 1, 1, 1, 1, '2017-12-01 20:21:16', '2018-01-03 19:59:17'),
	(3, '1512483289', 'Sin asignar', '2017-12-05', 3, 3, '78945566377', 1, 250000, 1000000, 28000, 'N/R', 0, 'N/R', 0, 1, 8, 1, 1, 1, '2017-12-05 14:14:49', '2017-12-29 12:26:11'),
	(4, '1512589516', 'Sin asignar', '2017-12-06', 2, 12, 'qweqwr', 1, 0, 0, 0, 'N/R', 0, 'N/R', 0, 2, 0, 2, 1, 1, '2017-12-06 19:45:16', '2017-12-06 19:45:16'),
	(5, '1513615480', 'Retirado', '2017-12-18', 1, 13, '78945566377', 4, 0, 0, 0, '0', 0, '0', 0, 24, 12, 2, 1, 1, '2017-12-18 16:44:40', '2017-12-29 19:52:50'),
	(6, '1513615912', 'Sin asignar', '2017-12-18', 5, 14, '257849MK78', 5, 245000, 6000000, 25000, '123669', 38500, '55214', 112556, 2, 7, 3, 1, 1, '2017-12-18 16:51:52', '2017-12-27 20:01:21'),
	(7, '1513689343', 'Sin asignar', '2017-12-19', 5, 12, '33322', 2, 123, 123, 132, '123669', 123213, '01231', 123, 2, 12, 1, 1, 1, '2017-12-19 13:15:43', '2018-04-01 22:29:01'),
	(8, '1514488198', 'Sin asignar', '2017-12-28', 1, 14, 'S/N', 4, 0, 0, 0, '0', 0, '0', 0, 25, 0, 3, 1, 1, '2017-12-28 19:09:58', '2017-12-28 19:09:58'),
	(9, '5201710', 'Asignada', '2017-12-28', 5, 14, 'S/N', 5, 0, 0, 25000, '0', 0, '0', 0, 18, 12, 2, 1, 1, '2017-12-28 20:17:50', '2018-04-04 01:59:03'),
	(10, '1201710', 'Asignada', '2017-12-28', 1, 14, 'V14815020', 4, 0, 0, 45000, '123669', 45000, '236588', 0, 23, 12, 1, 1, 1, '2017-12-28 20:43:13', '2018-04-08 21:22:04'),
	(11, '5201811', 'Asignada', '2018-04-08', 5, 17, 'S/N', 5, 0, 0, 0, '0', 0, '0', 0, 20, 14, 2, 1, 1, '2018-04-08 23:11:13', '2018-04-18 01:03:07'),
	(12, '5201811', 'Sin asignar', '2018-04-08', 5, 17, 'S/N', 5, 0, 0, 0, '0', 0, '0', 0, 20, 0, 2, 1, 1, '2018-04-08 23:11:43', '2018-04-08 23:11:43'),
	(13, '5201811', 'Sin asignar', '2018-04-08', 5, 17, 'S/N', 5, 0, 0, 0, '0', 0, '0', 0, 20, 0, 2, 1, 1, '2018-04-08 23:12:00', '2018-04-08 23:12:00'),
	(14, '5201811', 'Sin asignar', '2018-04-08', 5, 17, 'S/N', 5, 0, 0, 0, '0', 0, '0', 0, 20, 0, 2, 1, 1, '2018-04-08 23:12:14', '2018-04-08 23:12:14'),
	(15, '5201811', 'Sin asignar', '2018-04-08', 5, 17, 'S/N', 5, 0, 0, 0, '0', 0, '0', 0, 20, 0, 2, 1, 1, '2018-04-08 23:15:57', '2018-04-08 23:15:57'),
	(16, '5201811', 'Sin asignar', '2018-04-08', 5, 17, 'S/N', 5, 0, 0, 0, '0', 0, '0', 0, 20, 0, 2, 1, 1, '2018-04-08 23:16:30', '2018-04-08 23:16:30'),
	(17, '5201811', 'Sin asignar', '2018-04-08', 5, 17, 'S/N', 5, 0, 0, 0, '0', 0, '0', 0, 20, 0, 2, 1, 1, '2018-04-08 23:20:15', '2018-04-08 23:20:15');
/*!40000 ALTER TABLE `ordenesretiro` ENABLE KEYS */;

-- Volcando estructura para tabla sive_bd.password_resets
CREATE TABLE IF NOT EXISTS `password_resets` (
  `email` varchar(191) COLLATE utf8mb4_unicode_ci NOT NULL,
  `token` varchar(191) COLLATE utf8mb4_unicode_ci NOT NULL,
  `created_at` timestamp NULL DEFAULT NULL,
  KEY `password_resets_email_index` (`email`)
) ENGINE=InnoDB DEFAULT CHARSET=utf8mb4 COLLATE=utf8mb4_unicode_ci;

-- Volcando datos para la tabla sive_bd.password_resets: ~0 rows (aproximadamente)
/*!40000 ALTER TABLE `password_resets` DISABLE KEYS */;
/*!40000 ALTER TABLE `password_resets` ENABLE KEYS */;

-- Volcando estructura para tabla sive_bd.sivebase
CREATE TABLE IF NOT EXISTS `sivebase` (
  `id` int(10) unsigned NOT NULL AUTO_INCREMENT,
  `nombre` varchar(50) COLLATE utf8mb4_unicode_ci NOT NULL,
  `valor` int(11) NOT NULL,
  `created_at` timestamp NULL DEFAULT NULL,
  `updated_at` timestamp NULL DEFAULT NULL,
  PRIMARY KEY (`id`)
) ENGINE=InnoDB AUTO_INCREMENT=4 DEFAULT CHARSET=utf8mb4 COLLATE=utf8mb4_unicode_ci;

-- Volcando datos para la tabla sive_bd.sivebase: ~3 rows (aproximadamente)
/*!40000 ALTER TABLE `sivebase` DISABLE KEYS */;
REPLACE INTO `sivebase` (`id`, `nombre`, `valor`, `created_at`, `updated_at`) VALUES
	(1, 'factura', 2405, '2018-02-22 23:45:32', '2018-02-22 23:45:33'),
	(2, 'gastosoperacionales', 49900, NULL, NULL),
	(3, 'acta', 52, NULL, NULL);
/*!40000 ALTER TABLE `sivebase` ENABLE KEYS */;

-- Volcando estructura para tabla sive_bd.talleres
CREATE TABLE IF NOT EXISTS `talleres` (
  `id` int(10) unsigned NOT NULL AUTO_INCREMENT,
  `nombre` varchar(150) COLLATE utf8mb4_unicode_ci NOT NULL,
  `rut` varchar(150) COLLATE utf8mb4_unicode_ci NOT NULL,
  `direccion` varchar(290) COLLATE utf8mb4_unicode_ci NOT NULL,
  `region` varchar(50) COLLATE utf8mb4_unicode_ci NOT NULL,
  `comuna` varchar(50) COLLATE utf8mb4_unicode_ci NOT NULL,
  `ciudad` varchar(50) COLLATE utf8mb4_unicode_ci NOT NULL,
  `telefono` varchar(50) COLLATE utf8mb4_unicode_ci NOT NULL,
  `email` varchar(150) COLLATE utf8mb4_unicode_ci NOT NULL,
  `contacto` varchar(200) COLLATE utf8mb4_unicode_ci NOT NULL,
  `created_at` timestamp NULL DEFAULT NULL,
  `updated_at` timestamp NULL DEFAULT NULL,
  PRIMARY KEY (`id`)
) ENGINE=InnoDB AUTO_INCREMENT=4 DEFAULT CHARSET=utf8mb4 COLLATE=utf8mb4_unicode_ci;

-- Volcando datos para la tabla sive_bd.talleres: ~3 rows (aproximadamente)
/*!40000 ALTER TABLE `talleres` DISABLE KEYS */;
REPLACE INTO `talleres` (`id`, `nombre`, `rut`, `direccion`, `region`, `comuna`, `ciudad`, `telefono`, `email`, `contacto`, `created_at`, `updated_at`) VALUES
	(1, 'TALLER1 (01)', '25720633-5', 'DIRECCION TALLER1', 'Atacama', 'Vallenar', 'LA CIUDAD', 'TELEFONOX', 'JESUSJ2009@SALAZAR.CL', 'JAVIER CONTACTO', '2017-10-12 18:20:36', '2017-12-29 23:08:00'),
	(2, 'TALLER2 (02)', '25784294-0', 'DIRECCION TALLER2', 'Regi�n del Libertador Gral. Bernardo O�Higgins', 'Graneros', 'LA CIUDAD', '123123123', 'JESUSJAVIER2009@SALAZAR.CL', 'DIRECCION TALLER2', '2017-10-12 19:53:16', '2017-12-29 23:25:54'),
	(3, 'TALLERX', '12312312-5', 'DIRECCION TALLER14', 'Arica y Parinacota', 'General Lagos', 'LA CIUDAD', '123123123', 'NATALIA@SALAZAR.CL', 'JAVIER CONTACTO', '2017-10-13 13:46:12', '2017-10-13 14:22:56');
/*!40000 ALTER TABLE `talleres` ENABLE KEYS */;

-- Volcando estructura para tabla sive_bd.tasaciones
CREATE TABLE IF NOT EXISTS `tasaciones` (
  `id` int(10) unsigned NOT NULL AUTO_INCREMENT,
  `patente` varchar(25) COLLATE utf8mb4_unicode_ci NOT NULL,
  `compania` int(11) NOT NULL,
  `email` varchar(150) COLLATE utf8mb4_unicode_ci NOT NULL,
  `nombre` varchar(150) COLLATE utf8mb4_unicode_ci NOT NULL,
  `telefono` varchar(150) COLLATE utf8mb4_unicode_ci NOT NULL,
  `siniestro` varchar(150) COLLATE utf8mb4_unicode_ci NOT NULL,
  `marcaid` int(11) NOT NULL,
  `modeloid` int(11) NOT NULL,
  `tipoid` int(11) NOT NULL,
  `anio` int(11) NOT NULL,
  `valor` varchar(150) COLLATE utf8mb4_unicode_ci NOT NULL,
  `fecha` varchar(25) COLLATE utf8mb4_unicode_ci NOT NULL,
  `estado` varchar(55) COLLATE utf8mb4_unicode_ci NOT NULL,
  `created_at` timestamp NULL DEFAULT NULL,
  `updated_at` timestamp NULL DEFAULT NULL,
  PRIMARY KEY (`id`)
) ENGINE=InnoDB AUTO_INCREMENT=27 DEFAULT CHARSET=utf8mb4 COLLATE=utf8mb4_unicode_ci;

-- Volcando datos para la tabla sive_bd.tasaciones: ~6 rows (aproximadamente)
/*!40000 ALTER TABLE `tasaciones` DISABLE KEYS */;
REPLACE INTO `tasaciones` (`id`, `patente`, `compania`, `email`, `nombre`, `telefono`, `siniestro`, `marcaid`, `modeloid`, `tipoid`, `anio`, `valor`, `fecha`, `estado`, `created_at`, `updated_at`) VALUES
	(21, 'VNRE-46', 1, 'wolff.marianne@example.net', 'Justina Weber', '946192319', '5105496359', 240, 6, 2, 1993, '120000', '2018-01-18 14:41:44', 'CREADA', '2017-09-19 03:24:57', '2017-09-19 03:24:57'),
	(22, 'KJTV-98', 3, 'lkessler@example.org', 'Mr. Camren Dare PhD', '941271924', '4389935746', 135, 8, 1, 2000, '80500', '2018-01-18 14:41:44', 'CREADA', '2017-09-19 03:24:57', '2017-09-19 03:24:57'),
	(23, 'UDJR-42', 2, 'douglas86@example.com', 'Dr. Lula Luettgen II', '909812407', '2033894844', 240, 10, 1, 1993, '97000', '2018-01-18 14:41:44', 'CREADA', '2017-09-19 03:24:57', '2017-09-19 03:24:57'),
	(24, '9876-CB', 2, 'louisa33@example.com', 'Lucious Abshire', '962544659', '1064408219', 240, 10, 25, 1990, '150000', '2018-01-18 14:41:44', 'CREADA', '2017-09-19 03:24:57', '2018-01-18 18:59:06'),
	(25, '1234-AB', 7, 'jjlion79@gmail.com', 'JAVIER', 'FONO1', 'SISINESTRO', 4, 7, 4, 2015, '175000', '2017-12-11 14:41:44', 'CREADA', '2018-01-18 14:41:44', '2018-01-29 20:11:47'),
	(26, '5555-AB', 1, 'tzieme@example.net', 'No reportado2', 'No reportado2', 'SW123XQNHG', 49, 9, 4, 2017, '85500', '2018-01-18 14:50:20', 'CREADA', '2018-01-18 14:50:20', '2018-01-18 19:08:55');
/*!40000 ALTER TABLE `tasaciones` ENABLE KEYS */;

-- Volcando estructura para tabla sive_bd.tipos
CREATE TABLE IF NOT EXISTS `tipos` (
  `id` int(10) unsigned NOT NULL AUTO_INCREMENT,
  `nombre` varchar(150) COLLATE utf8mb4_unicode_ci NOT NULL,
  `created_at` timestamp NULL DEFAULT NULL,
  `updated_at` timestamp NULL DEFAULT NULL,
  PRIMARY KEY (`id`)
) ENGINE=InnoDB AUTO_INCREMENT=29 DEFAULT CHARSET=utf8mb4 COLLATE=utf8mb4_unicode_ci;

-- Volcando datos para la tabla sive_bd.tipos: ~28 rows (aproximadamente)
/*!40000 ALTER TABLE `tipos` DISABLE KEYS */;
REPLACE INTO `tipos` (`id`, `nombre`, `created_at`, `updated_at`) VALUES
	(1, 'AUTOMOVIL', NULL, NULL),
	(2, 'BUS', NULL, NULL),
	(3, 'CAMIONETA', NULL, NULL),
	(4, 'CAMION', NULL, NULL),
	(5, 'Camión 3/4', NULL, NULL),
	(6, 'Chatarra', NULL, NULL),
	(7, 'Furgón', NULL, NULL),
	(8, 'Jeep', NULL, NULL),
	(9, 'MOTO', NULL, NULL),
	(10, 'TractoCamión', NULL, NULL),
	(11, 'Station Wagon', NULL, NULL),
	(12, 'MiniBus', NULL, NULL),
	(13, 'Chassis', NULL, NULL),
	(14, 'Retroescabadora', NULL, NULL),
	(15, 'Taxi Bus', NULL, NULL),
	(16, 'Todo Terreno', NULL, NULL),
	(17, 'Semiremolque', NULL, NULL),
	(18, 'Chasis Cabinado', NULL, NULL),
	(19, 'Retroescavadora', NULL, NULL),
	(20, 'Grúa horquilla', NULL, NULL),
	(21, 'Ambulancia', NULL, NULL),
	(22, 'Máquina industrial', NULL, NULL),
	(23, 'Cabina', NULL, NULL),
	(24, 'Remolque', NULL, NULL),
	(25, 'Carro bomba', NULL, NULL),
	(26, 'Cuatrimoto', NULL, NULL),
	(27, 'Tractor', NULL, NULL),
	(28, 'Condicionado', NULL, NULL);
/*!40000 ALTER TABLE `tipos` ENABLE KEYS */;

-- Volcando estructura para tabla sive_bd.transportistas
CREATE TABLE IF NOT EXISTS `transportistas` (
  `id` int(10) unsigned NOT NULL AUTO_INCREMENT,
  `rutempresa` varchar(30) COLLATE utf8mb4_unicode_ci NOT NULL,
  `nombreempresa` varchar(250) COLLATE utf8mb4_unicode_ci NOT NULL,
  `patentecamion` varchar(200) COLLATE utf8mb4_unicode_ci NOT NULL,
  `telefono` varchar(50) COLLATE utf8mb4_unicode_ci NOT NULL,
  `email` varchar(150) COLLATE utf8mb4_unicode_ci NOT NULL,
  `rutchofer` varchar(30) COLLATE utf8mb4_unicode_ci NOT NULL,
  `nombrechofer` varchar(250) COLLATE utf8mb4_unicode_ci NOT NULL,
  `gruaexterna` varchar(5) COLLATE utf8mb4_unicode_ci NOT NULL,
  `habilitado` varchar(5) COLLATE utf8mb4_unicode_ci NOT NULL,
  `created_at` timestamp NULL DEFAULT NULL,
  `updated_at` timestamp NULL DEFAULT NULL,
  PRIMARY KEY (`id`)
) ENGINE=InnoDB AUTO_INCREMENT=15 DEFAULT CHARSET=utf8mb4 COLLATE=utf8mb4_unicode_ci;

-- Volcando datos para la tabla sive_bd.transportistas: ~14 rows (aproximadamente)
/*!40000 ALTER TABLE `transportistas` DISABLE KEYS */;
REPLACE INTO `transportistas` (`id`, `rutempresa`, `nombreempresa`, `patentecamion`, `telefono`, `email`, `rutchofer`, `nombrechofer`, `gruaexterna`, `habilitado`, `created_at`, `updated_at`) VALUES
	(1, '841978472-6', 'Mr. Ernest Kohler', 'Hatter.', '877.274.5254', 'rhoda.schaefer@example.net', '825744347-1', 'Ramon Wuckert', 'SI', 'SI', '2017-09-11 18:26:40', '2017-09-11 18:26:40'),
	(2, '447303585-8', 'Sally Romaguera', 'Hatter.', '855.666.6539', 'turner.tara@example.org', '800117498-3', 'Hershel Roob', 'SI', 'SI', '2017-09-11 18:26:40', '2017-09-11 18:26:40'),
	(3, '726086073-7', 'Earnestine Weber', 'Alice an.', '1-844-898-8561', 'ike93@example.net', '829494385-2', 'Khalil Beer', 'SI', 'SI', '2017-09-11 18:26:40', '2017-09-11 18:26:40'),
	(4, '577249788-5', 'Gerardo Murray', 'March.\'.', '800.572.8361', 'catharine78@example.com', '062214911-9', 'Keenan Feest Sr.', 'SI', 'NO', '2017-09-11 18:26:40', '2017-09-11 18:26:40'),
	(5, '325928332-4', 'Terrill Zboncak II', 'I\'m.', '855-962-6599', 'maria.thiel@example.net', '518768046-0', 'Zechariah Muller', 'NO', 'SI', '2017-09-11 18:26:40', '2017-09-11 18:26:40'),
	(6, '755638692-4', 'Dr. Wilburn Reinger', 'OURS.', '1-855-996-9697', 'tristian.blanda@example.net', '332607736-6', 'Tito Smitham DDS', 'NO', 'NO', '2017-09-11 18:26:40', '2017-09-11 18:26:40'),
	(7, '403414173-3', 'Miss Madisyn Nikolaus III', 'Alice..', '877-837-4486', 'otto69@example.org', '324951377-4', 'Nickolas Gulgowski', 'NO', 'NO', '2017-09-11 18:26:40', '2017-09-11 18:26:40'),
	(8, '11111111-5', 'Osbaldo Ondricka', 'I can.', '(888) 645-5183', 'tzieme@example.net', '428274033-3', 'Emilio Hermiston Jr.', 'SI', 'NO', '2017-09-11 18:26:40', '2017-11-08 17:34:59'),
	(9, '190153204-3', 'Dr. Joshuah Little IV', 'King.', '855-282-0826', 'ulehner@example.org', '234864857-9', 'Brook Morar V', 'SI', 'NO', '2017-09-11 18:26:40', '2017-09-11 18:26:40'),
	(10, '165904298-8', 'Miss Germaine Trantow', 'Alice..', '888.440.1298', 'carleton35@example.com', '491482299-6', 'Kennedy Rice', 'SI', 'NO', '2017-09-11 18:26:40', '2017-09-11 18:26:40'),
	(11, '4', '4', '44', '4', '4', '4', '4', 'NO', 'SI', '2017-11-06 17:10:21', '2017-11-06 17:10:21'),
	(12, '11111111-1', 'TRANPORTES JJ', '123', '123123123', 'jjlion79@gmail.com', '1233333333', 'JAVIER SALAZAR', 'SI', 'NO', '2017-11-06 19:48:20', '2018-01-02 15:19:38'),
	(13, '22356987-4', 'Independiente', 'HBC-774', '95587418774', 'tranportesx@example.net', '21414726-9', 'Chofer Nombre', 'SI', 'SI', '2017-11-28 17:54:15', '2017-11-28 17:55:30'),
	(14, '11587639-5', 'JP GRUAS', 'PBNS-89', '955587417', 'jpmontero@vedisaremates.cl', '14784984-0', 'JUAN PABLO TRANSPORTE', 'SI', 'SI', '2018-01-02 15:11:52', '2018-01-02 15:11:52');
/*!40000 ALTER TABLE `transportistas` ENABLE KEYS */;

-- Volcando estructura para tabla sive_bd.users
CREATE TABLE IF NOT EXISTS `users` (
  `id` int(10) unsigned NOT NULL AUTO_INCREMENT,
  `name` varchar(191) COLLATE utf8mb4_unicode_ci NOT NULL,
  `email` varchar(191) COLLATE utf8mb4_unicode_ci NOT NULL,
  `tipo` varchar(191) COLLATE utf8mb4_unicode_ci NOT NULL,
  `estado` varchar(191) COLLATE utf8mb4_unicode_ci NOT NULL DEFAULT 'ACTIVO',
  `password` varchar(191) COLLATE utf8mb4_unicode_ci NOT NULL,
  `remember_token` varchar(100) COLLATE utf8mb4_unicode_ci DEFAULT NULL,
  `created_at` timestamp NULL DEFAULT NULL,
  `updated_at` timestamp NULL DEFAULT NULL,
  PRIMARY KEY (`id`),
  UNIQUE KEY `users_email_unique` (`email`)
) ENGINE=InnoDB AUTO_INCREMENT=28 DEFAULT CHARSET=utf8mb4 COLLATE=utf8mb4_unicode_ci;

-- Volcando datos para la tabla sive_bd.users: ~6 rows (aproximadamente)
/*!40000 ALTER TABLE `users` DISABLE KEYS */;
REPLACE INTO `users` (`id`, `name`, `email`, `tipo`, `estado`, `password`, `remember_token`, `created_at`, `updated_at`) VALUES
	(1, 'JAVIER SALAZAR MARCANO', 'jjlion79@gmail.com', 'Administrador', 'ACTIVO', '$2y$10$bFqli8wJ6OOu5oCOUsJcpOCaOR5S367SnqhDMXK36Pq95xxMWuELy', 'yDCZRfHihsbzOH5HKwtp6tCQuc9PtoM8FJsu7KPoAMFVrdD2gJ4HOJ7SpFL8', '2017-09-08 14:54:12', '2017-11-17 15:03:36'),
	(21, 'Natalia', 'natalia@salazar.mar', 'Usuario', 'DESHABILITADO', '$2y$10$r2HBcXEkRCn6J52evY1r/uO/zz1TM9EoiGUbYE2OPt9NdhOZuyZvW', 'DA2OoIposskRHnkfJcgvjTw7J5kPtLV4kSt3RpRmZ9GiNv047D0vMbgno9Vb', '2017-10-04 19:28:45', '2017-10-04 19:28:45'),
	(23, 'JESUS J SALAZAR MARQUEZ', 'JESUSJAVIER2009@SALAZAR.CL', 'Administrador', 'BLOQUEADO', '$2y$10$/KBKepn4WuNl2Bmm7qcMBua/hzfaM4eaLQ17TPFMgkdGQ2oJjU8Ui', 'C208QvVZcKYDLheuXYRv3XGa4folpyvm4xof0sHxaddXPkn3jmF0ljEfDAA3', '2017-10-05 17:06:00', '2017-11-17 15:07:10'),
	(24, 'ANTONIO PEREZ', 'JPEREZ@TEST.COM', 'Usuario', 'RECUPERACIÓN', '$2y$10$bJIsgqojSuYwraXefliN1.iMBkpbYKQfaTDIA2jdrkATpvg7mmU76', 'nEDjjdg5MWU39uwF5gXSnjs8J3zTX8e9GtxOE3S4Jf587W9o3jpwu5dO6fAv', '2017-10-06 12:45:28', '2018-02-08 15:19:17'),
	(26, 'ADMINISTRADOR MONTERO', 'admin@montero.cl', 'Administrador', 'ACTIVO', '$2y$10$VgAUYUfqwKTdin2vyODwNuAruYhbYMH0.eCq2xO58YTuGbQhquv2i', NULL, '2018-03-18 22:29:49', '2018-03-18 22:29:49'),
	(27, 'Jorge Pettit', 'jpettit@vedisa.cl', 'Administrador', 'ACTIVO', '$2y$10$o8y/13osvWo/X7Z9NN1fy.vVOOfkvntGg66MoNWzE4Ra2bV1stOd6', NULL, '2018-04-15 18:08:24', '2018-04-15 18:08:24');
/*!40000 ALTER TABLE `users` ENABLE KEYS */;

-- Volcando estructura para tabla sive_bd.vehiculos
CREATE TABLE IF NOT EXISTS `vehiculos` (
  `id` int(10) unsigned NOT NULL AUTO_INCREMENT,
  `patente` varchar(10) COLLATE utf8mb4_unicode_ci NOT NULL,
  `marcaid` int(11) NOT NULL,
  `modeloid` int(11) NOT NULL,
  `tipoid` int(11) NOT NULL,
  `anio` int(11) NOT NULL,
  `combustible` varchar(50) COLLATE utf8mb4_unicode_ci NOT NULL,
  `nummotor` varchar(50) COLLATE utf8mb4_unicode_ci NOT NULL,
  `numchasis` varchar(50) COLLATE utf8mb4_unicode_ci NOT NULL,
  `serial` varchar(50) COLLATE utf8mb4_unicode_ci NOT NULL,
  `VIM` varchar(50) COLLATE utf8mb4_unicode_ci NOT NULL,
  `color` varchar(100) COLLATE utf8mb4_unicode_ci NOT NULL,
  `rutpropietario` varchar(15) COLLATE utf8mb4_unicode_ci NOT NULL,
  `nombrepropietario` varchar(250) COLLATE utf8mb4_unicode_ci NOT NULL,
  `observacion` varchar(250) COLLATE utf8mb4_unicode_ci NOT NULL,
  `actualizadopor` int(11) NOT NULL,
  `created_at` timestamp NULL DEFAULT NULL,
  `updated_at` timestamp NULL DEFAULT NULL,
  PRIMARY KEY (`id`)
) ENGINE=InnoDB AUTO_INCREMENT=18 DEFAULT CHARSET=utf8mb4 COLLATE=utf8mb4_unicode_ci;

-- Volcando datos para la tabla sive_bd.vehiculos: ~17 rows (aproximadamente)
/*!40000 ALTER TABLE `vehiculos` DISABLE KEYS */;
REPLACE INTO `vehiculos` (`id`, `patente`, `marcaid`, `modeloid`, `tipoid`, `anio`, `combustible`, `nummotor`, `numchasis`, `serial`, `VIM`, `color`, `rutpropietario`, `nombrepropietario`, `observacion`, `actualizadopor`, `created_at`, `updated_at`) VALUES
	(1, 'VNRE-46', 49, 9, 1, 1993, 'ELECTRICO', '0736457088', '9BGTC69AMMC128097', '55TY6T9YLY7955Q', '28KS7O8ZVX3861W', 'NEGRO', '00119003-1', 'Adelia Hayes', 'N/A', 1, '2017-09-01 13:31:44', '2018-01-03 19:59:17'),
	(2, 'OYQT-11', 240, 4, 2, 2007, 'BENCINA', '0736457088', '7283773094', '55TY6T9YLY7955Q', '28KS7O8ZVX3861W', 'AZUL', '96817822-1', 'Adelia Hayes', 'Alice said nothing; she had to stoop to save her neck kept getting entangled among the trees as well she might, what a dear quiet thing,\' Alice went timidly up to the three gardeners, oblong and.', 81, '2017-09-01 13:31:44', '2017-09-01 13:31:44'),
	(3, 'UDSB-30', 4, 7, 8, 2015, 'BENCINA', '7964683442', '6053446230', '42PZ3X2RNM3706C', '50RY1M9BLH0214G', 'VERDE', '00119003-1', 'Dr. Charity Kerluke', 'I hadn\'t quite finished my tea when I was going to remark myself.\' \'Have you guessed the riddle yet?\' the Hatter were having tea at it: a Dormouse was sitting next to her. The Cat only grinned a.', 132, '2017-09-01 13:31:44', '2017-09-01 13:31:44'),
	(4, 'NMXW-76', 135, 8, 1, 2004, 'DISIEL', '6352596180', '4047743797', '58TQ9L6LRT7950H', '40DI0C1JBX5685O', 'ROJO', '43023480-5', 'Issac Jaskolski', 'Alice, flinging the baby with some curiosity. \'What a number of changes she had never before seen a cat without a grin,\' thought Alice; \'only, as it\'s asleep, I suppose it were nine o\'clock in the.', 54, '2017-09-01 13:31:44', '2017-09-01 13:31:44'),
	(5, 'KCEF-05', 4, 8, 8, 1998, 'DISIEL', '2574071375', '5649176190', '60VQ0I5COL8398O', '43IP4M7OHN0013M', 'blue', '34807778-4', 'Althea Spinka', 'While she was saying, and the White Rabbit, jumping up in spite of all her wonderful Adventures, till she fancied she heard was a good deal to come upon them THIS size: why, I should think it so.', 58, '2017-09-01 13:31:44', '2017-09-01 13:31:44'),
	(6, 'LNCX-62', 9, 3, 1, 2006, 'DISIEL', '7119155083', '1713917219', '47FG8F2QXX1935V', '65BJ6P5XJZ6272H', 'black', '33707222-9', 'Novella Hermann', 'Forty-two. ALL PERSONS MORE THAN A MILE HIGH TO LEAVE THE COURT.\' Everybody looked at Two. Two began in a deep sigh, \'I was a queer-shaped little creature, and held it out loud. \'Thinking again?\'.', 73, '2017-09-01 13:31:44', '2017-09-01 13:31:44'),
	(7, 'IMFU-82', 49, 9, 2, 1991, 'DISIEL', '6792664159', '4190035590', '15MC1S9DPX0434F', '38XC9K4ATR6020W', 'lime', '56531346-1', 'Unique Armstrong', 'N/A', 1, '2017-09-01 13:31:44', '2018-02-05 19:13:28'),
	(8, 'NEHH-11', 273, 5, 9, 1997, 'DISIEL', '2812495018', '9893493208', '92HP6K4SNY8036L', '01AV1M4PRQ4586Y', 'teal', '43408506-5', 'Cassandra Lebsack Sr.', 'N/A', 1, '2017-09-01 13:31:44', '2018-03-28 02:04:37'),
	(9, 'ODKP-84', 6, 5, 8, 2008, 'BENCINA', '6527659936', '5577741664', '92BN7N5JJL3507J', '22CM6H0IIM2616G', 'olive', '93905288-5', 'Silas Langworth', 'CAN I have done that?\' she thought. \'I must be getting somewhere near the right distance--but then I wonder if I\'ve kept her waiting!\' Alice felt dreadfully puzzled. The Hatter\'s remark seemed to be.', 121, '2017-09-01 13:31:44', '2017-09-01 13:31:44'),
	(10, 'YYNV-53', 8, 8, 9, 2009, 'BENCINA', '5155964928', '2911447800', '73ZD8E1USO8136N', '69VN8M7IYY1886X', 'gray', '07292814-9', 'Prof. Kamryn Denesik DVM', 'She gave me a pair of white kid gloves: she took up the conversation dropped, and the other end of half an hour or so, and were quite dry again, the Dodo solemnly presented the thimble, saying \'We.', 112, '2017-09-01 13:31:44', '2017-09-01 13:31:44'),
	(11, 'NPRD-63', 240, 0, 1, 2012, 'GASOLINA', '1NZE044296', 'JTDBT9233CL036957', 'JTDBT9233CL036957', 'JTDBT9233CL036957', 'GRIS OSCURO MICA MET', '15.935.357-5', 'GISELLE ALEJANDRA GUERRA SAAVEDRA', 'N/A', 1, '2017-12-06 19:44:36', '2018-04-08 23:56:46'),
	(12, 'FBYR-97', 114, 1, 3, 2013, 'GASOLINA', '1NZE044296', 'JTDBT9233CL036957', 'JTDBT9233CL036957', 'JTDBT9233CL036957', 'GRIS OSCURO MICA MET', '15.935.357-5', 'GISELLE ALEJANDRA GUERRA SAAVEDRA', 'N/A', 1, '2017-12-06 19:45:16', '2018-01-29 16:39:05'),
	(13, 'JJSM-30', 49, 2, 1, 2013, 'GASOLINA', '9723409038', '7283773094', '55TY6T9YLY7955Q', 'JTDBT9233CL036957', 'AZUL MICA METAL', '00119003-1', 'GISELLE ALEJANDRA GUERRA SAAVEDRA', 'N/A', 1, '2017-12-18 16:29:39', '2017-12-18 16:44:40'),
	(14, 'DN-4248', 49, 0, 1, 1991, '(NO INFORMADO)', '1JD09EN86127', '9BGTC69AMMC128097', '25784294025720633', '', 'BLANCO PERLA', '', '', 'N/A', 1, '2017-12-18 16:51:52', '2018-04-08 21:22:04'),
	(15, 'DYGY-48', 135, 8, 1, 2012, 'GASOLINA', 'G4FABS218986', 'KNADN412AC6056942', 'KNADN412AC6056942', 'KNADN412AC6056942', 'ROJO SIGNAL', '6.595.557-1', 'MIGUEL ANGEL C�SPEDES CIFUENTES', 'N/A', 1, '2018-01-12 18:39:07', '2018-04-01 01:49:59'),
	(16, 'ABCD-11', 240, 4, 1, 2019, 'GASOLINA', '123123555', '', '', '', 'AMARILLO COBRE', '', '', 'N/A', 1, '2018-04-07 20:11:16', '2018-04-07 20:33:51'),
	(17, 'JJJJ-30', 273, 5, 1, 2016, 'GASOLINA', '', '', '', '', 'GRIS METAL', '', '', 'N/A', 1, '2018-04-08 23:11:12', '2018-04-08 21:24:35');
/*!40000 ALTER TABLE `vehiculos` ENABLE KEYS */;

/*!40101 SET SQL_MODE=IFNULL(@OLD_SQL_MODE, '') */;
/*!40014 SET FOREIGN_KEY_CHECKS=IF(@OLD_FOREIGN_KEY_CHECKS IS NULL, 1, @OLD_FOREIGN_KEY_CHECKS) */;
/*!40101 SET CHARACTER_SET_CLIENT=@OLD_CHARACTER_SET_CLIENT */;
